key,신종채권_운영,신종채권_시설,신종채권_기타
302702016,12.0,0.0,0.0
533302014,9.0,0.0,1.0
741402009,8.0,1.0,2.0
340102011,8.0,0.0,0.0
1311002017,8.0,0.0,0.0
735702016,8.0,0.0,2.0
585302017,7.0,0.0,0.0
586902009,7.0,0.0,0.0
1410202016,7.0,0.0,1.0
373402015,7.0,0.0,1.0
332602009,7.0,0.0,0.0
531702008,7.0,0.0,3.0
828002020,7.0,0.0,0.0
443702006,7.0,0.0,0.0
354002008,7.0,0.0,2.0
9001002017,6.0,0.0,3.0
452902009,6.0,0.0,0.0
541702010,6.0,0.0,0.0
515302006,6.0,0.0,0.0
262602008,6.0,0.0,0.0
609002016,6.0,0.0,1.0
533302013,5.0,0.0,0.0
176802018,5.0,0.0,1.0
467202011,5.0,0.0,0.0
655602015,5.0,0.0,0.0
559702005,5.0,0.0,0.0
124602005,5.0,0.0,0.0
505402015,5.0,0.0,0.0
195902010,5.0,0.0,0.0
367902006,5.0,0.0,0.0
880202008,5.0,0.0,0.0
522902014,5.0,0.0,0.0
787002007,5.0,0.0,0.0
338802008,5.0,0.0,0.0
373202010,5.0,0.0,0.0
560202008,5.0,0.0,3.0
481302007,5.0,0.0,1.0
640902015,5.0,0.0,0.0
760902008,5.0,0.0,1.0
966902016,5.0,0.0,1.0
262202011,5.0,0.0,0.0
479402005,5.0,0.0,3.0
383402016,5.0,0.0,2.0
97302018,5.0,0.0,0.0
589002008,5.0,2.0,0.0
567302016,5.0,0.0,0.0
506002007,5.0,0.0,0.0
1583102018,5.0,0.0,0.0
540102009,5.0,0.0,0.0
486402009,5.0,0.0,0.0
522902011,5.0,0.0,0.0
432202013,5.0,0.0,0.0
760902007,5.0,0.0,0.0
659102008,5.0,0.0,0.0
1410202018,5.0,0.0,0.0
669802011,4.0,0.0,0.0
153902008,4.0,0.0,0.0
541502006,4.0,0.0,1.0
822702013,4.0,0.0,1.0
393502010,4.0,0.0,0.0
977802016,4.0,0.0,3.0
659402018,4.0,0.0,7.0
259202011,4.0,0.0,0.0
585502006,4.0,0.0,1.0
354502010,4.0,0.0,0.0
236702009,4.0,0.0,1.0
663402010,4.0,0.0,0.0
319502010,4.0,0.0,0.0
396702010,4.0,0.0,2.0
73902012,4.0,0.0,0.0
325702007,4.0,0.0,0.0
358302009,4.0,0.0,1.0
454702010,4.0,0.0,0.0
71502011,4.0,0.0,1.0
1268702018,4.0,0.0,0.0
320302009,4.0,0.0,0.0
387102008,4.0,0.0,0.0
585502007,4.0,0.0,0.0
195702019,4.0,0.0,1.0
423402011,4.0,0.0,0.0
355002008,4.0,0.0,0.0
462402006,4.0,0.0,0.0
396702017,4.0,0.0,0.0
392302018,4.0,0.0,5.0
262602017,4.0,0.0,0.0
648002016,4.0,0.0,1.0
485102008,4.0,0.0,0.0
153902011,4.0,0.0,0.0
632802008,4.0,0.0,0.0
371102009,4.0,0.0,3.0
541202009,4.0,0.0,0.0
1065202018,4.0,0.0,0.0
337202009,4.0,0.0,2.0
476002006,4.0,0.0,0.0
187002007,4.0,0.0,0.0
907102020,4.0,0.0,1.0
170502009,4.0,0.0,0.0
725302010,4.0,0.0,0.0
358302007,4.0,0.0,0.0
383402012,4.0,0.0,2.0
200702009,4.0,0.0,1.0
354502011,4.0,0.0,0.0
789402017,4.0,0.0,0.0
1959902019,4.0,0.0,1.0
538902008,4.0,0.0,0.0
538902006,4.0,0.0,6.0
669802020,4.0,0.0,0.0
356202006,4.0,0.0,0.0
640602008,4.0,0.0,0.0
715302012,4.0,0.0,7.0
441802010,4.0,0.0,0.0
399902008,4.0,0.0,1.0
333302007,4.0,0.0,0.0
429402019,4.0,0.0,0.0
195902014,4.0,0.0,0.0
153902009,4.0,0.0,3.0
538102009,4.0,0.0,0.0
195902009,4.0,0.0,0.0
160402008,4.0,1.0,0.0
640602006,4.0,0.0,0.0
383402013,4.0,0.0,1.0
210602010,4.0,0.0,0.0
88002017,4.0,0.0,1.0
365002016,4.0,0.0,1.0
373802009,4.0,0.0,0.0
567302017,4.0,0.0,1.0
1410202019,4.0,0.0,1.0
609002017,4.0,1.0,0.0
779602008,4.0,0.0,0.0
280402018,4.0,0.0,1.0
430902015,4.0,0.0,1.0
725302009,4.0,0.0,0.0
524202010,4.0,0.0,0.0
725202017,4.0,0.0,3.0
450502007,4.0,0.0,0.0
9001002015,4.0,0.0,1.0
834702011,4.0,1.0,0.0
399902009,4.0,0.0,1.0
578802019,4.0,0.0,0.0
787002009,4.0,0.0,0.0
597202009,4.0,0.0,0.0
491802015,4.0,0.0,0.0
415502009,4.0,0.0,0.0
953002017,4.0,0.0,0.0
294802009,4.0,0.0,0.0
668502008,4.0,0.0,2.0
375502008,4.0,0.0,1.0
799702017,4.0,0.0,0.0
789402016,4.0,0.0,0.0
318602019,4.0,0.0,1.0
804402019,4.0,0.0,2.0
324202014,4.0,0.0,0.0
195902019,4.0,0.0,0.0
259702007,4.0,0.0,0.0
430902017,4.0,0.0,0.0
195902015,4.0,0.0,0.0
283002009,4.0,0.0,0.0
375502010,4.0,1.0,0.0
481302008,3.0,0.0,0.0
652702015,3.0,0.0,0.0
760902009,3.0,0.0,1.0
695402017,3.0,1.0,0.0
262602011,3.0,0.0,2.0
366102006,3.0,0.0,0.0
491802014,3.0,0.0,0.0
367602006,3.0,0.0,0.0
406702014,3.0,0.0,0.0
662002008,3.0,0.0,0.0
645102019,3.0,0.0,0.0
2148702019,3.0,0.0,0.0
892302018,3.0,0.0,4.0
605502008,3.0,0.0,0.0
403502009,3.0,0.0,0.0
1311002018,3.0,0.0,0.0
805302016,3.0,0.0,0.0
695402018,3.0,0.0,1.0
83402008,3.0,0.0,0.0
656502020,3.0,0.0,0.0
349802003,3.0,0.0,0.0
655602017,3.0,0.0,2.0
1065202015,3.0,1.0,3.0
334302013,3.0,0.0,0.0
461202013,3.0,0.0,0.0
320402015,3.0,0.0,0.0
283002018,3.0,0.0,1.0
403502006,3.0,0.0,0.0
1748802019,3.0,0.0,2.0
650602010,3.0,0.0,0.0
1198302020,3.0,0.0,0.0
505402019,3.0,0.0,0.0
328602009,3.0,0.0,0.0
888002017,3.0,0.0,0.0
435802006,3.0,0.0,1.0
535902019,3.0,0.0,2.0
443702007,3.0,0.0,0.0
585302018,3.0,0.0,0.0
415902018,3.0,0.0,0.0
170002019,3.0,0.0,0.0
352902014,3.0,0.0,1.0
528802007,3.0,0.0,0.0
801402008,3.0,0.0,0.0
522102004,3.0,0.0,0.0
788602018,3.0,0.0,2.0
481302010,3.0,0.0,0.0
525602006,3.0,0.0,0.0
781602014,3.0,0.0,0.0
414502008,3.0,0.0,0.0
486402010,3.0,0.0,0.0
525602008,3.0,0.0,0.0
106702012,3.0,0.0,1.0
332802006,3.0,0.0,1.0
375502006,3.0,0.0,1.0
815002008,3.0,0.0,0.0
195702020,3.0,0.0,0.0
362702007,3.0,0.0,0.0
543402018,3.0,0.0,1.0
571002009,3.0,1.0,0.0
1098202018,3.0,0.0,0.0
741402008,3.0,0.0,0.0
325702009,3.0,0.0,0.0
336002018,3.0,0.0,3.0
452602010,3.0,0.0,0.0
651802008,3.0,0.0,0.0
719302013,3.0,0.0,0.0
369202010,3.0,0.0,0.0
2197502020,3.0,0.0,0.0
358902006,3.0,0.0,0.0
334302019,3.0,0.0,0.0
283002011,3.0,0.0,0.0
679502007,3.0,0.0,1.0
362702006,3.0,0.0,0.0
387102006,3.0,0.0,0.0
540102008,3.0,0.0,0.0
283002019,3.0,0.0,0.0
388302006,3.0,0.0,0.0
283002008,3.0,0.0,0.0
403502011,3.0,0.0,0.0
362602006,3.0,0.0,0.0
432202011,3.0,0.0,0.0
799702016,3.0,1.0,0.0
88002016,3.0,0.0,4.0
413202010,3.0,0.0,0.0
170102007,3.0,0.0,0.0
540102010,3.0,0.0,0.0
1386902015,3.0,0.0,2.0
834702012,3.0,0.0,0.0
611402007,3.0,1.0,0.0
464002011,3.0,0.0,0.0
1804002017,3.0,0.0,0.0
191202009,3.0,0.0,0.0
416302008,3.0,0.0,0.0
786702009,3.0,0.0,0.0
725202020,3.0,1.0,1.0
836402020,3.0,0.0,0.0
328202020,3.0,0.0,0.0
363602006,3.0,0.0,0.0
262602010,3.0,0.0,0.0
541502008,3.0,0.0,0.0
365002014,3.0,0.0,0.0
531702007,3.0,0.0,0.0
585502008,3.0,0.0,0.0
681502013,3.0,0.0,2.0
567302020,3.0,0.0,0.0
1427602018,3.0,0.0,0.0
1218002015,3.0,0.0,0.0
604102006,3.0,0.0,1.0
2341002018,3.0,0.0,0.0
966902019,3.0,0.0,4.0
2263502019,3.0,1.0,1.0
367902008,3.0,0.0,0.0
2143102016,3.0,0.0,0.0
1599102015,3.0,0.0,0.0
331902009,3.0,0.0,0.0
1116102014,3.0,0.0,1.0
346002007,3.0,0.0,1.0
540202009,3.0,0.0,0.0
358302006,3.0,0.0,0.0
318602016,3.0,0.0,1.0
659102007,3.0,0.0,0.0
828002018,3.0,1.0,0.0
236702005,3.0,0.0,0.0
377502003,3.0,0.0,0.0
436802006,3.0,0.0,0.0
531102017,3.0,1.0,0.0
841802017,3.0,0.0,5.0
436302011,3.0,0.0,0.0
530702006,3.0,0.0,0.0
656202011,3.0,0.0,0.0
441802008,3.0,0.0,1.0
655002011,3.0,0.0,0.0
538102012,3.0,0.0,0.0
741502015,3.0,0.0,0.0
373402011,3.0,0.0,0.0
358902009,3.0,0.0,0.0
531102006,3.0,0.0,0.0
1959902016,3.0,0.0,0.0
462402009,3.0,0.0,0.0
1972102019,3.0,0.0,0.0
397902014,3.0,0.0,0.0
671302009,3.0,0.0,0.0
1787802018,3.0,0.0,0.0
385302019,3.0,0.0,1.0
522902016,3.0,0.0,0.0
176802015,3.0,0.0,0.0
328602010,3.0,0.0,0.0
531702006,3.0,0.0,0.0
144202009,3.0,0.0,0.0
431002006,3.0,0.0,0.0
538102011,3.0,0.0,0.0
535902015,3.0,0.0,0.0
443702008,3.0,0.0,0.0
640602010,3.0,0.0,0.0
2233102018,3.0,0.0,0.0
187002011,3.0,0.0,1.0
195902020,3.0,0.0,0.0
9001002018,3.0,0.0,1.0
789402015,3.0,0.0,0.0
640902010,3.0,0.0,0.0
826602019,3.0,0.0,1.0
441802011,3.0,0.0,0.0
171602006,3.0,0.0,1.0
663002009,3.0,0.0,0.0
828002019,3.0,0.0,0.0
793402008,3.0,0.0,0.0
1583102016,3.0,0.0,0.0
506002008,3.0,0.0,0.0
2156002020,3.0,0.0,0.0
719302010,3.0,0.0,0.0
560102005,3.0,0.0,0.0
334302011,3.0,0.0,0.0
687702008,3.0,0.0,0.0
605402008,3.0,0.0,0.0
834702018,3.0,0.0,0.0
527702019,3.0,0.0,0.0
294802004,3.0,0.0,0.0
2240602016,3.0,0.0,0.0
523502010,3.0,0.0,0.0
170502003,3.0,1.0,0.0
540202008,3.0,0.0,0.0
544402006,3.0,0.0,0.0
609102009,3.0,0.0,0.0
602802011,3.0,0.0,0.0
535902014,3.0,0.0,0.0
522902009,3.0,1.0,1.0
725202018,3.0,0.0,1.0
960402013,3.0,0.0,1.0
373402010,3.0,0.0,0.0
522902017,3.0,0.0,0.0
2279502019,3.0,0.0,0.0
517802008,3.0,0.0,0.0
713602008,3.0,0.0,0.0
346602009,3.0,0.0,0.0
329802016,3.0,0.0,2.0
679502009,3.0,0.0,0.0
1787802017,3.0,0.0,1.0
736402020,3.0,0.0,0.0
848102008,3.0,0.0,0.0
393502009,3.0,0.0,0.0
966402018,3.0,0.0,0.0
73902009,3.0,0.0,0.0
302702017,3.0,0.0,1.0
319602008,3.0,0.0,1.0
478202006,3.0,0.0,0.0
384602004,3.0,0.0,0.0
151702009,3.0,0.0,1.0
415002003,3.0,2.0,1.0
681502014,3.0,0.0,0.0
716602011,3.0,0.0,0.0
500902015,3.0,0.0,0.0
826602018,3.0,0.0,0.0
663402009,3.0,0.0,1.0
650602015,3.0,0.0,0.0
609002008,3.0,0.0,0.0
522902010,3.0,0.0,0.0
588202010,3.0,0.0,0.0
538902007,3.0,0.0,0.0
385402006,3.0,0.0,0.0
413102008,3.0,0.0,0.0
1787802019,3.0,0.0,2.0
385302017,3.0,0.0,0.0
195902011,3.0,0.0,0.0
161002015,3.0,0.0,0.0
1014002017,3.0,0.0,0.0
9001102020,3.0,0.0,0.0
280402017,3.0,0.0,2.0
385302016,3.0,0.0,0.0
386902009,3.0,0.0,0.0
1060802019,3.0,1.0,1.0
614602012,3.0,0.0,0.0
182902017,3.0,0.0,1.0
888102011,3.0,0.0,0.0
559702006,3.0,0.0,1.0
388302008,2.0,0.0,0.0
1271602018,2.0,0.0,1.0
740002010,2.0,0.0,0.0
810902009,2.0,0.0,0.0
523502007,2.0,0.0,0.0
560102008,2.0,0.0,0.0
436102005,2.0,0.0,1.0
440602009,2.0,0.0,0.0
151702008,2.0,0.0,0.0
464002010,2.0,0.0,0.0
428202007,2.0,0.0,0.0
686302009,2.0,1.0,0.0
658102007,2.0,0.0,0.0
671302011,2.0,0.0,0.0
960402019,2.0,0.0,0.0
280902012,2.0,0.0,1.0
606702006,2.0,0.0,0.0
365002010,2.0,0.0,0.0
176802016,2.0,0.0,0.0
377002006,2.0,1.0,0.0
1748802020,2.0,0.0,2.0
730702019,2.0,0.0,1.0
731302008,2.0,0.0,0.0
153902010,2.0,0.0,0.0
454702011,2.0,0.0,0.0
2088602018,2.0,0.0,0.0
2216102020,2.0,1.0,0.0
1096102019,2.0,0.0,0.0
373402014,2.0,0.0,0.0
439102008,2.0,0.0,0.0
739302012,2.0,0.0,0.0
941902018,2.0,0.0,0.0
605502006,2.0,0.0,0.0
2195502019,2.0,0.0,3.0
655002010,2.0,0.0,0.0
484602009,2.0,0.0,0.0
523002007,2.0,0.0,0.0
2309802017,2.0,0.0,0.0
1118202018,2.0,0.0,0.0
330302009,2.0,0.0,0.0
1386902019,2.0,0.0,0.0
1198302018,2.0,0.0,0.0
222202008,2.0,0.0,0.0
474202005,2.0,0.0,0.0
478202007,2.0,0.0,0.0
663002006,2.0,0.0,1.0
872602020,2.0,0.0,0.0
523002013,2.0,1.0,0.0
358902004,2.0,0.0,0.0
361802019,2.0,1.0,0.0
352902018,2.0,0.0,0.0
542202018,2.0,0.0,1.0
640902017,2.0,0.0,0.0
491802010,2.0,0.0,0.0
77202009,2.0,0.0,0.0
320502004,2.0,0.0,0.0
552502009,2.0,0.0,0.0
590902007,2.0,0.0,0.0
533302012,2.0,0.0,0.0
485102007,2.0,0.0,0.0
785902008,2.0,0.0,0.0
609002007,2.0,0.0,0.0
1151602020,2.0,0.0,0.0
415902020,2.0,0.0,1.0
436802005,2.0,0.0,0.0
531102018,2.0,0.0,0.0
880202009,2.0,0.0,0.0
998302017,2.0,0.0,0.0
415902016,2.0,0.0,1.0
396702015,2.0,0.0,0.0
383202008,2.0,0.0,0.0
609002011,2.0,0.0,2.0
161002019,2.0,0.0,0.0
403502008,2.0,0.0,0.0
1379402017,2.0,0.0,0.0
1374002014,2.0,0.0,0.0
662002006,2.0,0.0,0.0
373402012,2.0,0.0,1.0
802202009,2.0,0.0,0.0
372402011,2.0,0.0,1.0
786502015,2.0,0.0,0.0
329802015,2.0,0.0,1.0
614602007,2.0,0.0,0.0
415902014,2.0,0.0,0.0
998302015,2.0,0.0,14.0
919702018,2.0,0.0,0.0
892302019,2.0,0.0,1.0
479202020,2.0,1.0,0.0
303502015,2.0,0.0,0.0
725202016,2.0,0.0,2.0
552502005,2.0,0.0,0.0
436802010,2.0,0.0,0.0
371102007,2.0,0.0,0.0
651502019,2.0,0.0,0.0
609002019,2.0,0.0,2.0
325902007,2.0,0.0,0.0
458902019,2.0,0.0,0.0
529702005,2.0,0.0,0.0
436302010,2.0,0.0,0.0
439102010,2.0,0.0,0.0
359002006,2.0,0.0,0.0
877302019,2.0,1.0,1.0
730102008,2.0,0.0,0.0
890102017,2.0,0.0,0.0
329802018,2.0,0.0,2.0
462402007,2.0,0.0,0.0
369202007,2.0,0.0,0.0
656102011,2.0,0.0,0.0
798702008,2.0,0.0,0.0
669802015,2.0,0.0,0.0
369202011,2.0,0.0,0.0
318602007,2.0,0.0,0.0
419402007,2.0,0.0,0.0
655602013,2.0,0.0,0.0
515302009,2.0,0.0,0.0
1379402016,2.0,0.0,0.0
2417902017,2.0,0.0,0.0
540902013,2.0,0.0,0.0
133102018,2.0,0.0,0.0
679902006,2.0,0.0,0.0
366202016,2.0,0.0,0.0
785902020,2.0,0.0,4.0
805702006,2.0,0.0,0.0
1238602019,2.0,0.0,0.0
856602007,2.0,0.0,0.0
327902009,2.0,0.0,1.0
304202009,2.0,0.0,0.0
334302016,2.0,0.0,0.0
1945102017,2.0,0.0,0.0
464302010,2.0,0.0,0.0
491802016,2.0,0.0,0.0
585502005,2.0,0.0,0.0
576802005,2.0,0.0,0.0
358902007,2.0,0.0,0.0
369102003,2.0,0.0,4.0
663502009,2.0,0.0,0.0
432202017,2.0,0.0,0.0
578802020,2.0,0.0,0.0
1752502019,2.0,0.0,0.0
1905102019,2.0,0.0,0.0
482702007,2.0,0.0,0.0
474402003,2.0,0.0,0.0
935202007,2.0,0.0,0.0
359502008,2.0,0.0,0.0
609102007,2.0,0.0,0.0
259702005,2.0,0.0,0.0
195702007,2.0,0.0,0.0
2048402018,2.0,0.0,0.0
294802018,2.0,0.0,0.0
877302020,2.0,0.0,2.0
283002014,2.0,0.0,0.0
361802003,2.0,0.0,0.0
329802006,2.0,1.0,1.0
304202010,2.0,0.0,0.0
137802012,2.0,1.0,0.0
432202018,2.0,0.0,1.0
667002006,2.0,0.0,0.0
363602007,2.0,0.0,2.0
2148702017,2.0,0.0,1.0
428702005,2.0,0.0,0.0
664102018,2.0,0.0,1.0
428702009,2.0,0.0,0.0
715302010,2.0,0.0,0.0
966302013,2.0,0.0,0.0
234102009,2.0,0.0,0.0
356202010,2.0,0.0,0.0
731302011,2.0,0.0,0.0
1116102013,2.0,0.0,0.0
663302008,2.0,0.0,0.0
567302015,2.0,0.0,0.0
192602006,2.0,0.0,0.0
437102014,2.0,0.0,0.0
423402009,2.0,0.0,0.0
340102010,2.0,0.0,0.0
440602019,2.0,0.0,0.0
477102010,2.0,0.0,0.0
464302012,2.0,0.0,0.0
525102011,2.0,0.0,0.0
377602010,2.0,0.0,0.0
1062402011,2.0,0.0,0.0
1824002020,2.0,0.0,1.0
1154502015,2.0,0.0,0.0
540102007,2.0,1.0,0.0
645202010,2.0,0.0,0.0
354502006,2.0,1.0,3.0
450502005,2.0,0.0,0.0
575402008,2.0,0.0,0.0
428202009,2.0,0.0,0.0
517802011,2.0,0.0,0.0
383402014,2.0,0.0,1.0
383902008,2.0,0.0,0.0
383402018,2.0,0.0,1.0
517802019,2.0,0.0,1.0
687902011,2.0,0.0,0.0
501202019,2.0,0.0,0.0
779602007,2.0,0.0,1.0
171602008,2.0,0.0,0.0
562002009,2.0,0.0,0.0
691102014,2.0,0.0,0.0
415902015,2.0,0.0,1.0
691102018,2.0,0.0,0.0
262202006,2.0,0.0,0.0
403502016,2.0,0.0,3.0
186202019,2.0,0.0,0.0
541502007,2.0,0.0,0.0
682402017,2.0,0.0,0.0
313902006,2.0,0.0,0.0
656802006,2.0,0.0,0.0
77202006,2.0,0.0,0.0
547802019,2.0,0.0,0.0
346002008,2.0,0.0,0.0
736402013,2.0,0.0,0.0
1959902017,2.0,0.0,1.0
2573702020,2.0,0.0,0.0
2228102018,2.0,0.0,2.0
1155302018,2.0,0.0,0.0
482702008,2.0,0.0,2.0
826602020,2.0,2.0,0.0
425102011,2.0,0.0,0.0
320402009,2.0,0.0,0.0
1508402018,2.0,0.0,0.0
836402017,2.0,0.0,0.0
892302020,2.0,0.0,0.0
325702008,2.0,0.0,0.0
420402012,2.0,0.0,0.0
327902018,2.0,4.0,0.0
606702008,2.0,0.0,0.0
552502006,2.0,0.0,0.0
430902019,2.0,0.0,0.0
693302020,2.0,0.0,0.0
318602005,2.0,0.0,0.0
822702017,2.0,0.0,0.0
469402008,2.0,0.0,2.0
410602011,2.0,0.0,1.0
362602008,2.0,0.0,0.0
369302009,2.0,0.0,0.0
452902005,2.0,0.0,0.0
367602007,2.0,0.0,1.0
1314002016,2.0,0.0,0.0
354802017,2.0,0.0,0.0
171602010,2.0,0.0,0.0
1313902018,2.0,0.0,0.0
540902012,2.0,0.0,0.0
338502006,2.0,0.0,0.0
2002302020,2.0,0.0,0.0
543002016,2.0,1.0,0.0
2721102020,2.0,0.0,0.0
1972102017,2.0,0.0,0.0
441802014,2.0,0.0,0.0
328602012,2.0,0.0,0.0
320502005,2.0,0.0,0.0
700802006,2.0,0.0,0.0
407402011,2.0,0.0,0.0
526402006,2.0,0.0,0.0
462402008,2.0,0.0,2.0
671702009,2.0,0.0,0.0
328602008,2.0,0.0,0.0
305302003,2.0,1.0,0.0
995202020,2.0,0.0,0.0
586902007,2.0,0.0,0.0
1238402018,2.0,0.0,0.0
464402005,2.0,0.0,0.0
458902015,2.0,0.0,0.0
464002013,2.0,0.0,0.0
1386902020,2.0,0.0,0.0
700802010,2.0,0.0,1.0
170502005,2.0,0.0,0.0
977802018,2.0,0.0,2.0
388802018,2.0,0.0,0.0
671602011,2.0,0.0,0.0
491802019,2.0,0.0,0.0
609102010,2.0,0.0,0.0
1141202015,2.0,0.0,0.0
1218002016,2.0,0.0,3.0
822702015,2.0,0.0,0.0
406702010,2.0,0.0,0.0
464302007,2.0,0.0,0.0
157102003,2.0,0.0,0.0
262602018,2.0,0.0,0.0
640602007,2.0,0.0,0.0
192602005,2.0,0.0,1.0
359002003,2.0,0.0,0.0
490802020,2.0,0.0,0.0
166002006,2.0,0.0,0.0
511602016,2.0,0.0,0.0
362702005,2.0,0.0,0.0
511602020,2.0,0.0,0.0
658102008,2.0,0.0,0.0
719302008,2.0,0.0,1.0
610502009,2.0,0.0,1.0
71502009,2.0,0.0,0.0
651802007,2.0,0.0,0.0
280402014,2.0,0.0,0.0
661102018,2.0,0.0,1.0
494702012,2.0,0.0,0.0
523102006,2.0,0.0,0.0
248002007,2.0,0.0,0.0
152002010,2.0,0.0,0.0
737802008,2.0,0.0,0.0
491202017,2.0,0.0,0.0
388302009,2.0,0.0,0.0
361702008,2.0,0.0,0.0
366102005,2.0,0.0,1.0
1842302020,2.0,0.0,1.0
602302018,2.0,0.0,0.0
387202006,2.0,0.0,0.0
788902013,2.0,0.0,0.0
543002019,2.0,0.0,0.0
398502006,2.0,0.0,0.0
578802017,2.0,0.0,0.0
82902010,2.0,0.0,0.0
511702011,2.0,0.0,0.0
901202011,2.0,0.0,0.0
389202007,2.0,0.0,0.0
541802007,2.0,0.0,0.0
331902008,2.0,0.0,0.0
428702010,2.0,0.0,0.0
546302018,2.0,0.0,0.0
501202006,2.0,0.0,0.0
603002019,2.0,0.0,2.0
597202007,2.0,0.0,0.0
194302005,2.0,0.0,0.0
541702007,2.0,0.0,0.0
383402019,2.0,0.0,0.0
588202011,2.0,0.0,0.0
664102009,2.0,0.0,0.0
568102012,2.0,0.0,0.0
428202008,2.0,0.0,0.0
479402004,2.0,0.0,0.0
1224502020,2.0,0.0,0.0
828502017,2.0,0.0,0.0
828502015,2.0,0.0,0.0
403502005,2.0,0.0,0.0
283002013,2.0,0.0,0.0
328202004,2.0,0.0,0.0
651702011,2.0,0.0,0.0
522102008,2.0,0.0,0.0
1854902020,2.0,0.0,0.0
355002009,2.0,0.0,0.0
368402009,2.0,0.0,0.0
2051002016,2.0,0.0,0.0
133402011,2.0,0.0,0.0
837902018,2.0,0.0,0.0
1055502020,2.0,1.0,0.0
476002003,2.0,1.0,0.0
975202017,2.0,0.0,0.0
356202016,2.0,0.0,0.0
420402018,2.0,0.0,0.0
568502009,2.0,0.0,1.0
650602014,2.0,0.0,0.0
669802013,2.0,1.0,2.0
324202011,2.0,0.0,1.0
362602009,2.0,0.0,0.0
332602007,2.0,0.0,0.0
490802018,2.0,0.0,0.0
737802007,2.0,0.0,0.0
872602017,2.0,0.0,0.0
1499402016,2.0,0.0,4.0
588202008,2.0,0.0,0.0
320302006,2.0,0.0,0.0
583702016,2.0,0.0,0.0
450502011,2.0,0.0,2.0
500502011,2.0,0.0,0.0
1065202017,2.0,0.0,4.0
645202011,2.0,0.0,1.0
385302005,2.0,0.0,0.0
369302011,2.0,0.0,0.0
273602020,2.0,0.0,0.0
259002004,2.0,0.0,0.0
419602013,2.0,0.0,0.0
546502008,2.0,0.0,0.0
1385802019,2.0,0.0,0.0
786102008,2.0,0.0,0.0
583702015,2.0,0.0,2.0
423702020,2.0,0.0,0.0
1954402019,2.0,0.0,4.0
1122402017,2.0,0.0,0.0
650602013,2.0,0.0,1.0
362602014,2.0,0.0,0.0
529002016,2.0,0.0,0.0
992202017,2.0,0.0,0.0
801402009,2.0,0.0,0.0
1189902020,2.0,0.0,0.0
1055502019,2.0,0.0,0.0
781502009,2.0,0.0,0.0
602302013,2.0,0.0,1.0
255502010,2.0,0.0,0.0
627302005,2.0,0.0,0.0
3272602020,2.0,0.0,0.0
319502008,2.0,0.0,0.0
1599102017,2.0,0.0,2.0
2569402020,2.0,0.0,0.0
392002015,2.0,0.0,0.0
490002003,2.0,1.0,0.0
280802020,2.0,0.0,0.0
355002006,2.0,0.0,0.0
2380902019,2.0,0.0,0.0
1145702018,2.0,0.0,0.0
395602018,2.0,0.0,0.0
1787802016,2.0,0.0,0.0
384102007,2.0,0.0,0.0
262502011,2.0,0.0,0.0
414502009,2.0,0.0,0.0
526402009,2.0,0.0,0.0
318602017,2.0,0.0,0.0
2906502020,2.0,0.0,0.0
195702008,2.0,0.0,0.0
888102008,2.0,0.0,0.0
664302018,2.0,0.0,0.0
856602018,2.0,0.0,0.0
384602011,2.0,0.0,0.0
494702009,2.0,0.0,0.0
494702013,2.0,0.0,0.0
484102016,2.0,0.0,0.0
661102019,2.0,0.0,0.0
676302018,2.0,0.0,1.0
894802009,2.0,0.0,0.0
320402014,2.0,0.0,0.0
2002302017,2.0,0.0,4.0
485102010,2.0,0.0,0.0
606702009,2.0,0.0,0.0
783502019,2.0,0.0,0.0
645502013,2.0,0.0,0.0
1481402019,2.0,0.0,0.0
436802007,2.0,0.0,0.0
385302015,2.0,0.0,0.0
1390502020,2.0,0.0,1.0
582202019,2.0,0.0,1.0
370202010,2.0,0.0,0.0
667002009,2.0,0.0,0.0
328002005,2.0,0.0,0.0
534702006,2.0,0.0,0.0
2637002018,2.0,0.0,1.0
383902007,2.0,0.0,0.0
541702008,2.0,0.0,0.0
586902008,2.0,0.0,0.0
585502009,2.0,0.0,0.0
187002014,2.0,0.0,0.0
603002013,2.0,0.0,0.0
10002008,2.0,0.0,0.0
788602012,2.0,0.0,0.0
543402019,2.0,0.0,0.0
511602005,2.0,0.0,0.0
234302008,2.0,0.0,0.0
283002007,2.0,1.0,1.0
541802006,2.0,0.0,0.0
522902015,2.0,0.0,0.0
1924102020,2.0,0.0,0.0
522902007,2.0,0.0,0.0
829202020,2.0,0.0,0.0
605602006,2.0,0.0,0.0
380102016,2.0,0.0,0.0
248102020,2.0,0.0,0.0
319502009,2.0,0.0,0.0
253402008,2.0,0.0,0.0
369002004,2.0,0.0,1.0
627302007,2.0,0.0,0.0
1964902016,2.0,0.0,0.0
384602007,2.0,0.0,0.0
1379402020,2.0,0.0,0.0
374602019,2.0,0.0,0.0
355002004,2.0,0.0,0.0
399802007,2.0,0.0,0.0
1481402020,2.0,0.0,1.0
319502006,2.0,0.0,0.0
300302007,2.0,0.0,0.0
432202016,2.0,0.0,1.0
837902011,2.0,0.0,0.0
328602007,2.0,0.0,0.0
719302009,2.0,0.0,1.0
362802006,2.0,0.0,0.0
328202005,2.0,0.0,0.0
329802008,2.0,0.0,0.0
1154502019,2.0,0.0,1.0
1499402014,2.0,0.0,0.0
1435402016,2.0,0.0,0.0
653402005,2.0,0.0,0.0
658102006,2.0,0.0,0.0
651702010,2.0,0.0,1.0
358302008,2.0,0.0,0.0
9001002019,2.0,0.0,0.0
367902009,2.0,0.0,0.0
650602008,2.0,0.0,0.0
324202009,2.0,0.0,0.0
331902007,2.0,0.0,1.0
650602012,2.0,0.0,0.0
1932502020,2.0,0.0,0.0
895302019,2.0,3.0,0.0
15402015,2.0,0.0,0.0
671302008,2.0,0.0,0.0
332302015,2.0,0.0,0.0
671302004,2.0,0.0,0.0
648202018,2.0,0.0,0.0
781502008,2.0,1.0,0.0
1065202014,2.0,0.0,0.0
1010002018,2.0,2.0,3.0
476002005,2.0,0.0,0.0
322802006,2.0,0.0,0.0
715302011,2.0,0.0,0.0
541202010,2.0,0.0,0.0
396702018,2.0,0.0,0.0
415902013,2.0,0.0,0.0
352102004,2.0,0.0,0.0
563402010,2.0,0.0,0.0
663502012,2.0,0.0,0.0
1011702011,2.0,0.0,0.0
494702014,2.0,0.0,2.0
1238402016,2.0,0.0,2.0
334302017,2.0,0.0,0.0
1116102012,2.0,1.0,0.0
669102009,2.0,0.0,0.0
744302011,2.0,0.0,0.0
952702019,2.0,2.0,0.0
354502007,2.0,0.0,0.0
540102006,2.0,0.0,0.0
248102009,2.0,0.0,0.0
335502012,2.0,0.0,0.0
366302006,2.0,0.0,0.0
410302009,2.0,0.0,0.0
237702010,2.0,0.0,0.0
338802009,2.0,0.0,0.0
318602015,2.0,0.0,0.0
338802005,2.0,0.0,0.0
410602006,2.0,0.0,0.0
491802017,2.0,0.0,1.0
357102008,2.0,0.0,0.0
651602012,2.0,0.0,0.0
533302005,2.0,0.0,0.0
2172702018,2.0,0.0,0.0
578802016,2.0,0.0,0.0
494702010,2.0,0.0,0.0
700802008,2.0,0.0,0.0
457602006,2.0,0.0,0.0
2271002020,2.0,0.0,0.0
1154502017,2.0,0.0,0.0
237702005,2.0,0.0,0.0
1138102016,2.0,0.0,0.0
283002005,2.0,0.0,0.0
142002019,2.0,0.0,2.0
640902016,2.0,0.0,1.0
651802013,2.0,1.0,0.0
1271602019,2.0,0.0,2.0
370202009,2.0,0.0,0.0
804402018,2.0,0.0,0.0
2154802017,2.0,0.0,0.0
567002012,2.0,0.0,0.0
501102004,2.0,0.0,1.0
515302007,2.0,0.0,0.0
432602019,2.0,0.0,0.0
454702006,2.0,0.0,1.0
1154502018,2.0,0.0,0.0
540802003,2.0,0.0,1.0
602402016,2.0,0.0,0.0
1268702019,2.0,1.0,0.0
984002010,2.0,0.0,0.0
1683302016,2.0,0.0,0.0
47902010,2.0,0.0,0.0
2048402020,2.0,0.0,0.0
474402018,2.0,0.0,0.0
525602005,2.0,0.0,0.0
863902009,2.0,0.0,0.0
294802014,2.0,0.0,0.0
356202017,2.0,0.0,0.0
294802010,2.0,0.0,0.0
346002006,2.0,0.0,0.0
450602009,2.0,0.0,0.0
576802017,2.0,0.0,2.0
605602017,2.0,0.0,0.0
362602011,2.0,0.0,1.0
355002007,2.0,0.0,0.0
567102009,2.0,0.0,0.0
330302008,2.0,0.0,0.0
170102009,2.0,0.0,0.0
352702006,2.0,0.0,0.0
547902006,2.0,0.0,1.0
1000902019,2.0,0.0,0.0
868302016,2.0,0.0,0.0
663402007,2.0,0.0,0.0
589002006,2.0,1.0,0.0
1427602019,2.0,0.0,1.0
534502003,2.0,0.0,1.0
2143102018,2.0,0.0,0.0
669802012,2.0,0.0,0.0
387102009,2.0,0.0,0.0
261502018,2.0,0.0,0.0
320402006,2.0,0.0,0.0
856802008,2.0,0.0,1.0
481302005,2.0,0.0,0.0
373202007,2.0,0.0,0.0
583702013,2.0,0.0,0.0
248102003,2.0,0.0,0.0
259702006,2.0,0.0,4.0
385302020,2.0,0.0,0.0
668502009,2.0,0.0,0.0
519802020,2.0,0.0,0.0
862502019,2.0,0.0,5.0
392002009,2.0,0.0,0.0
390202004,2.0,0.0,0.0
359502006,2.0,0.0,0.0
541802008,2.0,0.0,0.0
481402007,2.0,0.0,0.0
324202010,2.0,0.0,0.0
948602012,2.0,0.0,0.0
515302008,2.0,0.0,0.0
651702009,2.0,0.0,0.0
1230102019,2.0,0.0,0.0
534702008,2.0,0.0,0.0
328202018,2.0,0.0,0.0
380502003,2.0,0.0,1.0
787802015,2.0,0.0,0.0
822702018,2.0,0.0,0.0
388702003,2.0,0.0,0.0
1508402019,2.0,0.0,3.0
640602005,2.0,0.0,0.0
1435402019,2.0,0.0,0.0
280402019,2.0,0.0,3.0
560102006,2.0,0.0,0.0
332802007,2.0,0.0,0.0
1013902019,2.0,1.0,0.0
328202014,2.0,0.0,0.0
517802013,2.0,0.0,1.0
463902010,2.0,0.0,0.0
588202012,2.0,0.0,0.0
787802010,2.0,0.0,0.0
187002012,2.0,0.0,0.0
318602020,2.0,0.0,0.0
567302005,2.0,0.0,0.0
523102008,2.0,0.0,0.0
663302006,2.0,0.0,0.0
373202006,2.0,0.0,1.0
679502008,2.0,0.0,0.0
731302009,2.0,0.0,0.0
254602006,2.0,0.0,0.0
398502007,2.0,0.0,0.0
357602013,2.0,0.0,0.0
537002005,2.0,0.0,0.0
653402008,2.0,0.0,0.0
474502009,2.0,0.0,0.0
318602008,2.0,0.0,0.0
384202006,2.0,0.0,0.0
359002010,2.0,0.0,0.0
428202006,2.0,0.0,0.0
210602004,2.0,0.0,0.0
664302007,2.0,0.0,0.0
377002008,2.0,0.0,0.0
725302008,2.0,0.0,0.0
429402011,2.0,0.0,0.0
331102010,2.0,0.0,0.0
663402008,2.0,0.0,0.0
648202012,2.0,0.0,0.0
303902007,2.0,0.0,2.0
530402006,2.0,0.0,0.0
667902012,2.0,0.0,0.0
567002011,2.0,0.0,0.0
560802013,2.0,0.0,0.0
549402007,2.0,0.0,0.0
477102008,2.0,0.0,5.0
366302009,2.0,0.0,0.0
334302010,2.0,0.0,2.0
331102019,2.0,0.0,4.0
805302017,2.0,0.0,1.0
529002009,2.0,0.0,0.0
429402016,2.0,0.0,0.0
684202010,2.0,0.0,0.0
822702010,2.0,0.0,0.0
822702014,2.0,0.0,1.0
822702009,2.0,0.0,0.0
334302018,2.0,0.0,0.0
669802016,2.0,0.0,0.0
354802013,2.0,1.0,1.0
363602005,2.0,0.0,0.0
966902020,2.0,0.0,0.0
363602008,2.0,0.0,0.0
804402017,2.0,0.0,0.0
26702010,2.0,0.0,0.0
254602008,2.0,0.0,0.0
328602014,2.0,0.0,0.0
684202011,2.0,0.0,0.0
388102005,2.0,0.0,0.0
1386902017,2.0,0.0,0.0
651602013,2.0,0.0,0.0
329802020,2.0,0.0,1.0
3066202020,2.0,0.0,0.0
366302005,2.0,0.0,0.0
859902007,2.0,0.0,0.0
856802007,2.0,0.0,0.0
787802012,2.0,0.0,0.0
474502008,1.0,0.0,0.0
356202005,1.0,0.0,0.0
500502006,1.0,0.0,0.0
481302009,1.0,0.0,0.0
491802007,1.0,0.0,0.0
605502009,1.0,0.0,0.0
1060802015,1.0,0.0,0.0
605702007,1.0,0.0,0.0
1422102018,1.0,0.0,0.0
914402016,1.0,0.0,0.0
425202019,1.0,0.0,0.0
501102020,1.0,0.0,0.0
254402013,1.0,0.0,0.0
494702019,1.0,0.0,0.0
602602011,1.0,0.0,0.0
640902006,1.0,0.0,0.0
437102018,1.0,0.0,0.0
97302008,1.0,0.0,0.0
888002016,1.0,0.0,0.0
546702012,1.0,0.0,0.0
352902009,1.0,0.0,0.0
377602008,1.0,0.0,0.0
237702015,1.0,0.0,0.0
375402006,1.0,0.0,0.0
349402008,1.0,0.0,0.0
543002007,1.0,0.0,0.0
127002006,1.0,0.0,0.0
488702017,1.0,0.0,1.0
663002005,1.0,0.0,0.0
547802007,1.0,0.0,0.0
1176702016,1.0,0.0,0.0
329802017,1.0,0.0,2.0
2065602017,1.0,0.0,0.0
541802016,1.0,0.0,0.0
73902015,1.0,0.0,0.0
887002012,1.0,0.0,0.0
142002012,1.0,0.0,0.0
650602019,1.0,0.0,0.0
1138102013,1.0,0.0,0.0
469702016,1.0,0.0,1.0
547802015,1.0,0.0,0.0
370202008,1.0,1.0,0.0
536602010,1.0,0.0,0.0
650602007,1.0,0.0,0.0
705902004,1.0,0.0,0.0
592102012,1.0,0.0,0.0
673902015,1.0,0.0,0.0
501102012,1.0,0.0,0.0
392302011,1.0,0.0,0.0
277102005,1.0,0.0,0.0
452902008,1.0,0.0,0.0
836402018,1.0,0.0,1.0
500502008,1.0,0.0,0.0
521902017,1.0,0.0,1.0
1060802020,1.0,1.0,0.0
2552202018,1.0,0.0,0.0
804202011,1.0,0.0,0.0
536602018,1.0,0.0,4.0
356202013,1.0,0.0,0.0
237702019,1.0,0.0,0.0
543002011,1.0,0.0,1.0
585302010,1.0,0.0,0.0
388702008,1.0,0.0,0.0
487702008,1.0,0.0,0.0
379502008,1.0,0.0,1.0
652702007,1.0,0.0,0.0
559702004,1.0,0.0,1.0
653502018,1.0,0.0,0.0
859102013,1.0,1.0,0.0
602302014,1.0,0.0,0.0
455102011,1.0,0.0,0.0
602302010,1.0,0.0,0.0
724702016,1.0,0.0,0.0
822702008,1.0,0.0,0.0
390402010,1.0,0.0,0.0
386902003,1.0,0.0,0.0
378302007,1.0,0.0,0.0
124602008,1.0,0.0,1.0
325802019,1.0,0.0,0.0
260402003,1.0,0.0,0.0
956102013,1.0,0.0,0.0
379502012,1.0,0.0,0.0
356202020,1.0,0.0,0.0
369202004,1.0,1.0,0.0
725302006,1.0,0.0,1.0
650602018,1.0,0.0,0.0
724702012,1.0,0.0,0.0
362002004,1.0,0.0,1.0
474402014,1.0,0.0,0.0
539502007,1.0,0.0,0.0
2040202018,1.0,0.0,0.0
419602017,1.0,0.0,0.0
919702019,1.0,0.0,0.0
336402016,1.0,1.0,0.0
530502004,1.0,0.0,0.0
366302004,1.0,0.0,0.0
585302012,1.0,0.0,0.0
362002012,1.0,0.0,0.0
170102008,1.0,0.0,0.0
822102007,1.0,0.0,0.0
151702010,1.0,0.0,1.0
537002003,1.0,0.0,0.0
334302007,1.0,0.0,1.0
1155702012,1.0,0.0,0.0
603102009,1.0,0.0,0.0
327902010,1.0,0.0,0.0
705902005,1.0,0.0,0.0
541202008,1.0,0.0,0.0
381202007,1.0,0.0,0.0
187002020,1.0,0.0,0.0
527702005,1.0,0.0,0.0
420402008,1.0,0.0,0.0
862002013,1.0,0.0,0.0
378302006,1.0,0.0,0.0
491202011,1.0,0.0,0.0
487702013,1.0,0.0,0.0
583702012,1.0,0.0,0.0
888002013,1.0,0.0,0.0
420402020,1.0,0.0,1.0
377602016,1.0,0.0,0.0
406702011,1.0,0.0,0.0
666902009,1.0,0.0,0.0
463202007,1.0,0.0,0.0
381602020,1.0,0.0,0.0
467202010,1.0,0.0,0.0
664302015,1.0,0.0,1.0
500502007,1.0,0.0,0.0
575402010,1.0,0.0,0.0
366102003,1.0,0.0,0.0
237702003,1.0,0.0,1.0
558102004,1.0,0.0,0.0
372502003,1.0,0.0,0.0
654102006,1.0,0.0,0.0
687902014,1.0,0.0,0.0
366102007,1.0,0.0,0.0
388102007,1.0,0.0,0.0
152002012,1.0,0.0,0.0
2154802019,1.0,0.0,0.0
437102015,1.0,0.0,0.0
1062402017,1.0,0.0,0.0
406102005,1.0,0.0,0.0
673902018,1.0,0.0,0.0
490802015,1.0,0.0,0.0
2220802020,1.0,0.0,0.0
358302005,1.0,0.0,0.0
822102008,1.0,0.0,0.0
563402013,1.0,0.0,0.0
433602004,1.0,0.0,0.0
420402016,1.0,0.0,0.0
431002005,1.0,0.0,0.0
294802006,1.0,0.0,0.0
76802019,1.0,0.0,0.0
541802005,1.0,0.0,0.0
384602013,1.0,0.0,0.0
388802007,1.0,0.0,0.0
433602008,1.0,0.0,0.0
531102007,1.0,0.0,1.0
413202009,1.0,1.0,0.0
262302003,1.0,0.0,0.0
248002009,1.0,0.0,0.0
1319702019,1.0,1.0,0.0
1062402013,1.0,0.0,0.0
610502010,1.0,1.0,0.0
898502011,1.0,0.0,0.0
671702013,1.0,0.0,0.0
481402009,1.0,0.0,0.0
654202008,1.0,0.0,0.0
1374002017,1.0,0.0,0.0
519802003,1.0,0.0,0.0
543402017,1.0,0.0,0.0
487602005,1.0,0.0,0.0
476002009,1.0,0.0,0.0
325802007,1.0,0.0,0.0
452602006,1.0,0.0,1.0
888102010,1.0,0.0,0.0
712802012,1.0,0.0,0.0
1899802018,1.0,0.0,0.0
962402013,1.0,0.0,0.0
536102014,1.0,0.0,0.0
642402015,1.0,0.0,0.0
248102013,1.0,0.0,0.0
651302012,1.0,0.0,0.0
441802009,1.0,0.0,0.0
372402003,1.0,0.0,0.0
532702011,1.0,0.0,0.0
2639202019,1.0,0.0,1.0
546202008,1.0,0.0,0.0
429402020,1.0,0.0,0.0
389202008,1.0,0.0,0.0
645202015,1.0,0.0,0.0
882902020,1.0,0.0,0.0
329802010,1.0,0.0,0.0
186802020,1.0,0.0,0.0
1266002013,1.0,0.0,0.0
836602012,1.0,0.0,0.0
366302016,1.0,0.0,0.0
603002020,1.0,0.0,0.0
453902012,1.0,0.0,0.0
602802019,1.0,0.0,0.0
865202014,1.0,0.0,0.0
468402012,1.0,0.0,0.0
667002018,1.0,0.0,0.0
377302003,1.0,0.0,1.0
473102013,1.0,0.0,0.0
372402007,1.0,0.0,0.0
366202015,1.0,0.0,0.0
447702006,1.0,0.0,0.0
332302019,1.0,0.0,0.0
671302006,1.0,0.0,0.0
283002010,1.0,0.0,0.0
882902010,1.0,0.0,0.0
381202011,1.0,0.0,0.0
686302011,1.0,0.0,0.0
888102009,1.0,0.0,0.0
965302013,1.0,0.0,0.0
373202005,1.0,1.0,0.0
366602003,1.0,0.0,0.0
428202011,1.0,0.0,0.0
435802016,1.0,0.0,0.0
366602007,1.0,0.0,0.0
123402009,1.0,0.0,0.0
584202013,1.0,0.0,0.0
1176702019,1.0,0.0,1.0
741502007,1.0,0.0,0.0
261502008,1.0,0.0,0.0
237702009,1.0,0.0,0.0
959102017,1.0,0.0,0.0
1499402018,1.0,0.0,1.0
2696202019,1.0,0.0,0.0
952702016,1.0,0.0,0.0
504702010,1.0,0.0,0.0
398402018,1.0,0.0,0.0
379502014,1.0,0.0,0.0
535902009,1.0,0.0,0.0
645502012,1.0,0.0,0.0
920702011,1.0,0.0,0.0
533202006,1.0,0.0,0.0
795602007,1.0,0.0,0.0
260402015,1.0,0.0,0.0
659502007,1.0,0.0,0.0
354602007,1.0,0.0,0.0
951902016,1.0,0.0,0.0
354602011,1.0,0.0,0.0
414502007,1.0,0.0,0.0
715302006,1.0,0.0,0.0
907102015,1.0,0.0,0.0
419602009,1.0,1.0,0.0
1854902018,1.0,0.0,0.0
642602016,1.0,0.0,0.0
1314002020,1.0,0.0,1.0
576802010,1.0,0.0,0.0
1218002017,1.0,0.0,0.0
2142702020,1.0,0.0,2.0
459702020,1.0,0.0,0.0
535902017,1.0,0.0,3.0
535902013,1.0,0.0,0.0
1842302018,1.0,0.0,0.0
354002010,1.0,0.0,0.0
501202009,1.0,0.0,0.0
418002008,1.0,0.0,0.0
786702008,1.0,0.0,0.0
106702006,1.0,0.0,0.0
657102008,1.0,0.0,0.0
654402006,1.0,0.0,0.0
153902005,1.0,0.0,0.0
2172702019,1.0,0.0,0.0
428702007,1.0,0.0,0.0
525102007,1.0,0.0,0.0
1040402015,1.0,0.0,0.0
419102013,1.0,0.0,0.0
454702008,1.0,0.0,1.0
253202018,1.0,0.0,0.0
1154502014,1.0,0.0,0.0
653102011,1.0,1.0,0.0
454702012,1.0,0.0,0.0
1141902012,1.0,0.0,0.0
262502005,1.0,0.0,0.0
384102006,1.0,0.0,0.0
326802017,1.0,0.0,0.0
1787802020,1.0,0.0,0.0
473702008,1.0,0.0,0.0
659402015,1.0,0.0,0.0
1145702011,1.0,0.0,0.0
1312202013,1.0,0.0,0.0
650602011,1.0,0.0,0.0
388702017,1.0,0.0,0.0
397902008,1.0,0.0,0.0
187002006,1.0,0.0,0.0
486402007,1.0,0.0,0.0
450502009,1.0,0.0,0.0
853702008,1.0,0.0,0.0
602302011,1.0,0.0,0.0
1232602018,1.0,1.0,0.0
719302011,1.0,0.0,0.0
358902011,1.0,0.0,0.0
667902017,1.0,0.0,0.0
1877902019,1.0,0.0,0.0
602302019,1.0,0.0,0.0
398402009,1.0,0.0,0.0
464402013,1.0,0.0,0.0
294802016,1.0,0.0,0.0
534702007,1.0,0.0,0.0
523102007,1.0,0.0,2.0
47902006,1.0,0.0,0.0
511602011,1.0,0.0,0.0
419602004,1.0,0.0,0.0
413202005,1.0,2.0,0.0
319602009,1.0,0.0,2.0
435802018,1.0,0.0,0.0
1145702015,1.0,0.0,1.0
83402009,1.0,0.0,0.0
524202012,1.0,0.0,0.0
2380902018,1.0,0.0,1.0
2171902016,1.0,0.0,0.0
396702008,1.0,0.0,0.0
484102010,1.0,0.0,0.0
464302008,1.0,0.0,0.0
180002017,1.0,0.0,1.0
576802015,1.0,0.0,0.0
374402011,1.0,0.0,0.0
180002013,1.0,0.0,0.0
259002014,1.0,0.0,0.0
320802011,1.0,0.0,0.0
995202012,1.0,0.0,0.0
567302009,1.0,0.0,0.0
1615802018,1.0,0.0,0.0
170502007,1.0,0.0,0.0
2417102018,1.0,0.0,0.0
522102009,1.0,0.0,3.0
2596302018,1.0,0.0,0.0
530702004,1.0,0.0,0.0
345102005,1.0,0.0,0.0
106702010,1.0,0.0,0.0
255502007,1.0,0.0,0.0
428702011,1.0,0.0,0.0
2380902020,1.0,0.0,0.0
460702014,1.0,0.0,0.0
429402003,1.0,0.0,0.0
1683302019,1.0,0.0,0.0
2264402019,1.0,0.0,0.0
360902012,1.0,0.0,1.0
479402009,1.0,0.0,0.0
2054702018,1.0,0.0,0.0
403502020,1.0,0.0,0.0
398602016,1.0,0.0,0.0
941902013,1.0,0.0,0.0
606602008,1.0,0.0,0.0
166002013,1.0,0.0,0.0
1145702016,1.0,0.0,0.0
350102009,1.0,0.0,0.0
1271202018,1.0,1.0,1.0
1386102017,1.0,0.0,0.0
656502015,1.0,0.0,0.0
1386102013,1.0,0.0,0.0
477302011,1.0,0.0,0.0
500502005,1.0,0.0,0.0
487602006,1.0,0.0,2.0
329402011,1.0,0.0,0.0
473702009,1.0,0.0,0.0
1877902015,1.0,0.0,0.0
952702017,1.0,0.0,0.0
1540302018,1.0,0.0,0.0
2901202020,1.0,0.0,0.0
611402009,1.0,1.0,1.0
716602009,1.0,0.0,0.0
895302020,1.0,0.0,1.0
349402017,1.0,0.0,0.0
396702009,1.0,0.0,0.0
786502017,1.0,0.0,0.0
799702013,1.0,0.0,0.0
1232602019,1.0,0.0,2.0
124602006,1.0,0.0,0.0
454702005,1.0,0.0,0.0
525102006,1.0,0.0,0.0
525102010,1.0,1.0,1.0
338502007,1.0,0.0,0.0
403502013,1.0,0.0,1.0
325702005,1.0,0.0,0.0
1151602017,1.0,0.0,0.0
403502017,1.0,0.0,0.0
836402019,1.0,0.0,0.0
2146802020,1.0,0.0,0.0
1154802019,1.0,0.0,2.0
166702018,1.0,0.0,0.0
354802016,1.0,0.0,0.0
1154802015,1.0,0.0,1.0
664102006,1.0,1.0,0.0
354802012,1.0,1.0,0.0
1014002009,1.0,0.0,0.0
26702009,1.0,0.0,0.0
359002008,1.0,0.0,1.0
149402004,1.0,0.0,1.0
352902020,1.0,0.0,0.0
69102014,1.0,0.0,0.0
523502011,1.0,0.0,0.0
436102007,1.0,0.0,0.0
811502010,1.0,0.0,0.0
361802007,1.0,0.0,0.0
357102009,1.0,0.0,0.0
664302005,1.0,0.0,0.0
640902011,1.0,0.0,0.0
406702009,1.0,0.0,0.0
88002019,1.0,0.0,0.0
2228102019,1.0,0.0,3.0
802202019,1.0,0.0,0.0
785902012,1.0,0.0,0.0
373402006,1.0,0.0,0.0
234202003,1.0,0.0,1.0
431002013,1.0,0.0,0.0
253402004,1.0,0.0,0.0
547802006,1.0,0.0,1.0
1141902018,1.0,0.0,0.0
591002012,1.0,0.0,0.0
432602008,1.0,1.0,0.0
323802009,1.0,0.0,0.0
383202009,1.0,0.0,0.0
270402016,1.0,0.0,1.0
1232602015,1.0,0.0,0.0
386202008,1.0,0.0,0.0
654102007,1.0,0.0,0.0
362602013,1.0,0.0,2.0
540802004,1.0,0.0,1.0
1141202019,1.0,0.0,0.0
358102013,1.0,0.0,0.0
374602012,1.0,0.0,0.0
735702018,1.0,0.0,1.0
882902019,1.0,0.0,0.0
400202008,1.0,1.0,1.0
2309802019,1.0,0.0,0.0
540202005,1.0,0.0,0.0
361802006,1.0,0.0,1.0
419402005,1.0,0.0,0.0
400202004,1.0,0.0,0.0
373802007,1.0,0.0,0.0
304202003,1.0,0.0,1.0
390602008,1.0,0.0,0.0
432202015,1.0,0.0,0.0
354602010,1.0,0.0,0.0
452602009,1.0,0.0,0.0
15402011,1.0,0.0,0.0
395802003,1.0,0.0,1.0
538102014,1.0,0.0,1.0
1235702013,1.0,0.0,0.0
642602017,1.0,0.0,0.0
890102011,1.0,0.0,0.0
358902010,1.0,0.0,0.0
653102006,1.0,0.0,0.0
333302006,1.0,0.0,0.0
941902019,1.0,0.0,0.0
735702010,1.0,0.0,0.0
1238602017,1.0,0.0,0.0
322802005,1.0,0.0,0.0
374402014,1.0,0.0,0.0
662002004,1.0,0.0,0.0
432002005,1.0,0.0,0.0
359002007,1.0,0.0,0.0
575402018,1.0,0.0,0.0
700802007,1.0,0.0,0.0
531102016,1.0,0.0,1.0
387202008,1.0,0.0,0.0
713602009,1.0,0.0,0.0
966302012,1.0,0.0,0.0
460702011,1.0,0.0,0.0
387202012,1.0,0.0,0.0
432002013,1.0,0.0,0.0
2153602016,1.0,0.0,0.0
1872202018,1.0,0.0,0.0
415902006,1.0,0.0,0.0
371102005,1.0,0.0,0.0
642602005,1.0,0.0,0.0
651702019,1.0,0.0,0.0
2064002018,1.0,0.0,2.0
444802019,1.0,1.0,0.0
419102006,1.0,0.0,0.0
372402008,1.0,0.0,0.0
358102005,1.0,0.0,0.0
462102008,1.0,0.0,0.0
682702008,1.0,0.0,0.0
358102009,1.0,0.0,0.0
537002019,1.0,0.0,0.0
237702006,1.0,0.0,0.0
352902004,1.0,0.0,0.0
294802005,1.0,0.0,0.0
552502007,1.0,0.0,0.0
848102007,1.0,0.0,0.0
560102004,1.0,0.0,0.0
150502009,1.0,0.0,0.0
326802020,1.0,0.0,0.0
1709202016,1.0,0.0,0.0
304202004,1.0,0.0,0.0
533302010,1.0,0.0,1.0
590902013,1.0,0.0,0.0
736402008,1.0,0.0,0.0
77202007,1.0,0.0,0.0
693302017,1.0,0.0,0.0
479202016,1.0,1.0,0.0
590902005,1.0,0.0,0.0
430902018,1.0,0.0,0.0
868902013,1.0,0.0,0.0
325702004,1.0,0.0,0.0
336302003,1.0,0.0,0.0
1141202014,1.0,0.0,0.0
195902016,1.0,0.0,0.0
318602004,1.0,0.0,1.0
469702014,1.0,0.0,0.0
195902012,1.0,0.0,0.0
329802011,1.0,0.0,0.0
195902008,1.0,0.0,0.0
318602012,1.0,0.0,0.0
533302006,1.0,0.0,2.0
656102009,1.0,0.0,0.0
325002015,1.0,0.0,0.0
773602008,1.0,0.0,0.0
489102012,1.0,0.0,0.0
610502011,1.0,0.0,0.0
1062402019,1.0,0.0,0.0
495502019,1.0,0.0,0.0
546702003,1.0,0.0,0.0
1105002013,1.0,1.0,0.0
582202017,1.0,0.0,0.0
681502008,1.0,0.0,0.0
582202013,1.0,0.0,0.0
716602012,1.0,0.0,0.0
647202004,1.0,0.0,1.0
383202005,1.0,0.0,0.0
357602009,1.0,0.0,0.0
361702011,1.0,0.0,0.0
248802010,1.0,0.0,0.0
357602017,1.0,0.0,0.0
1311002019,1.0,0.0,1.0
1000902017,1.0,0.0,0.0
914402018,1.0,0.0,0.0
329802019,1.0,0.0,1.0
384102008,1.0,0.0,0.0
508902016,1.0,0.0,1.0
1155302015,1.0,0.0,0.0
1099602017,1.0,0.0,0.0
687702010,1.0,0.0,0.0
2276102020,1.0,0.0,0.0
547902005,1.0,0.0,0.0
1509002018,1.0,0.0,0.0
785902018,1.0,0.0,1.0
2635402020,1.0,0.0,2.0
522902008,1.0,0.0,1.0
337202006,1.0,0.0,0.0
350102007,1.0,0.0,1.0
387202011,1.0,0.0,0.0
522902004,1.0,0.0,0.0
444802018,1.0,0.0,0.0
196402008,1.0,0.0,0.0
369202009,1.0,1.0,1.0
248502013,1.0,0.0,0.0
545402008,1.0,0.0,0.0
260402010,1.0,0.0,0.0
180002020,1.0,0.0,0.0
1508402015,1.0,0.0,0.0
804402005,1.0,0.0,2.0
1230402017,1.0,1.0,0.0
1271602016,1.0,0.0,0.0
699202012,1.0,0.0,0.0
670002018,1.0,0.0,0.0
436802009,1.0,0.0,0.0
526402007,1.0,0.0,0.0
328002006,1.0,0.0,0.0
385302018,1.0,0.0,0.0
329802012,1.0,0.0,0.0
337902020,1.0,0.0,0.0
9002802020,1.0,0.0,0.0
256902003,1.0,0.0,0.0
612502010,1.0,0.0,0.0
522902012,1.0,2.0,0.0
234102006,1.0,0.0,1.0
410602010,1.0,0.0,0.0
1311002016,1.0,0.0,0.0
345102008,1.0,0.0,0.0
791902016,1.0,0.0,0.0
481502003,1.0,0.0,0.0
327902007,1.0,0.0,0.0
511702015,1.0,0.0,0.0
161002017,1.0,0.0,0.0
609002015,1.0,0.0,0.0
1481402018,1.0,0.0,0.0
327902011,1.0,0.0,0.0
327902015,1.0,0.0,1.0
724702017,1.0,0.0,1.0
423402008,1.0,0.0,0.0
1390502018,1.0,0.0,0.0
1959902020,1.0,0.0,0.0
385002006,1.0,0.0,0.0
602602004,1.0,0.0,0.0
218802016,1.0,0.0,0.0
581102020,1.0,0.0,0.0
432002007,1.0,0.0,0.0
960402014,1.0,0.0,0.0
926002020,1.0,0.0,0.0
801402005,1.0,0.0,0.0
798102017,1.0,0.0,0.0
501102016,1.0,0.0,0.0
542102013,1.0,0.0,0.0
430902003,1.0,0.0,0.0
236702006,1.0,0.0,0.0
678502009,1.0,0.0,0.0
1271202019,1.0,0.0,0.0
9501302018,1.0,0.0,0.0
262602014,1.0,0.0,0.0
262602016,1.0,0.0,0.0
477702010,1.0,0.0,0.0
496902009,1.0,0.0,0.0
2201802017,1.0,0.0,0.0
388102008,1.0,0.0,0.0
601502016,1.0,0.0,0.0
463902005,1.0,1.0,0.0
330502007,1.0,0.0,0.0
170502006,1.0,0.0,0.0
923002018,1.0,0.0,0.0
330502003,1.0,0.0,0.0
681502007,1.0,0.0,0.0
1045402016,1.0,0.0,0.0
26802020,1.0,0.0,0.0
218802018,1.0,0.0,0.0
602402015,1.0,0.0,0.0
865202011,1.0,0.0,0.0
372402010,1.0,0.0,0.0
468402009,1.0,0.0,0.0
681502011,1.0,0.0,1.0
372402006,1.0,1.0,0.0
413102007,1.0,0.0,0.0
464402008,1.0,0.0,0.0
487602004,1.0,0.0,1.0
681502015,1.0,0.0,0.0
403502010,1.0,0.0,0.0
992202014,1.0,0.0,0.0
669802014,1.0,0.0,0.0
448202003,1.0,0.0,1.0
669102011,1.0,0.0,0.0
234102008,1.0,0.0,0.0
496302008,1.0,0.0,0.0
182902012,1.0,0.0,0.0
234102016,1.0,0.0,0.0
304202006,1.0,0.0,0.0
662702006,1.0,0.0,0.0
195502005,1.0,0.0,0.0
186202020,1.0,0.0,0.0
1386102020,1.0,1.0,0.0
429402018,1.0,0.0,1.0
659502008,1.0,0.0,0.0
365402016,1.0,0.0,0.0
123402008,1.0,0.0,0.0
128602004,1.0,0.0,0.0
429402010,1.0,0.0,0.0
653402009,1.0,0.0,0.0
377002007,1.0,0.0,0.0
691102019,1.0,1.0,0.0
589002005,1.0,0.0,1.0
377002009,1.0,0.0,0.0
491802013,1.0,0.0,0.0
563402009,1.0,0.0,0.0
97302014,1.0,0.0,0.0
392002013,1.0,0.0,0.0
365002012,1.0,1.0,0.0
410202009,1.0,0.0,0.0
333402008,1.0,0.0,0.0
511602017,1.0,0.0,0.0
656202012,1.0,1.0,0.0
22302010,1.0,0.0,0.0
642402014,1.0,0.0,0.0
584802009,1.0,0.0,0.0
847302014,1.0,0.0,0.0
476002008,1.0,0.0,0.0
828002007,1.0,2.0,0.0
642402006,1.0,0.0,0.0
476002004,1.0,0.0,1.0
431002015,1.0,0.0,0.0
1404102015,1.0,0.0,0.0
373702020,1.0,0.0,0.0
332302018,1.0,0.0,0.0
530702007,1.0,1.0,0.0
370102003,1.0,0.0,0.0
889102013,1.0,0.0,0.0
300302009,1.0,0.0,0.0
389902003,1.0,0.0,0.0
549402005,1.0,0.0,0.0
133402006,1.0,0.0,0.0
741402007,1.0,0.0,0.0
1097402018,1.0,0.0,0.0
860602013,1.0,0.0,0.0
543002010,1.0,0.0,0.0
1145702014,1.0,0.0,0.0
332902011,1.0,0.0,0.0
1605502016,1.0,0.0,0.0
603102016,1.0,1.0,0.0
568502006,1.0,0.0,0.0
571002006,1.0,0.0,0.0
424202011,1.0,0.0,0.0
2206302017,1.0,0.0,0.0
331102016,1.0,0.0,7.0
454002003,1.0,0.0,0.0
273502003,1.0,0.0,1.0
380602012,1.0,0.0,0.0
166002004,1.0,0.0,2.0
520202018,1.0,0.0,0.0
789402009,1.0,0.0,0.0
1499402015,1.0,0.0,0.0
614602013,1.0,0.0,0.0
584202012,1.0,0.0,1.0
454002007,1.0,1.0,1.0
411402009,1.0,0.0,0.0
645102020,1.0,0.0,0.0
80302003,1.0,0.0,0.0
411402005,1.0,0.0,0.0
1151602018,1.0,0.0,0.0
1606002019,1.0,0.0,2.0
325902008,1.0,0.0,0.0
549202015,1.0,0.0,0.0
1105002014,1.0,0.0,0.0
1482502019,1.0,0.0,0.0
965302012,1.0,0.0,0.0
166002020,1.0,0.0,0.0
648002020,1.0,0.0,0.0
436302008,1.0,0.0,0.0
963502013,1.0,0.0,0.0
715302013,1.0,0.0,3.0
138102007,1.0,0.0,0.0
436902004,1.0,0.0,0.0
1540402018,1.0,0.0,1.0
529702004,1.0,0.0,0.0
414502006,1.0,0.0,0.0
715302007,1.0,0.0,0.0
657702016,1.0,0.0,0.0
654502018,1.0,0.0,0.0
846502016,1.0,0.0,0.0
1390502015,1.0,0.0,0.0
500902014,1.0,0.0,0.0
799402007,1.0,0.0,0.0
664102019,1.0,0.0,1.0
398502010,1.0,0.0,0.0
275802020,1.0,0.0,0.0
501202008,1.0,0.0,0.0
524202003,1.0,1.0,0.0
338502008,1.0,0.0,0.0
436102003,1.0,0.0,1.0
994402016,1.0,0.0,0.0
978002019,1.0,0.0,0.0
1519102017,1.0,0.0,0.0
248402017,1.0,0.0,0.0
1099602016,1.0,0.0,0.0
713602006,1.0,0.0,0.0
651602014,1.0,0.0,0.0
603102019,1.0,0.0,0.0
385402003,1.0,0.0,0.0
1141202016,1.0,0.0,0.0
542102012,1.0,0.0,0.0
171602009,1.0,0.0,0.0
741502014,1.0,0.0,0.0
541802018,1.0,0.0,0.0
382902014,1.0,0.0,0.0
604102005,1.0,0.0,0.0
440702005,1.0,0.0,0.0
331902006,1.0,0.0,0.0
645502009,1.0,0.0,0.0
176802014,1.0,0.0,0.0
331902010,1.0,0.0,0.0
959102012,1.0,0.0,0.0
607502010,1.0,0.0,0.0
611402008,1.0,1.0,0.0
651602015,1.0,1.0,0.0
856702016,1.0,0.0,0.0
523002015,1.0,0.0,0.0
517802007,1.0,0.0,0.0
1176702018,1.0,0.0,2.0
397902015,1.0,0.0,0.0
1153102013,1.0,0.0,0.0
397902011,1.0,0.0,0.0
436302009,1.0,0.0,1.0
237902008,1.0,0.0,0.0
533202007,1.0,0.0,0.0
609102006,1.0,1.0,0.0
2359802020,1.0,0.0,0.0
996602017,1.0,0.0,0.0
542202016,1.0,0.0,0.0
883902009,1.0,0.0,0.0
528802006,1.0,0.0,0.0
521902016,1.0,0.0,1.0
687902005,1.0,0.0,0.0
527702020,1.0,0.0,3.0
952702020,1.0,0.0,0.0
810902008,1.0,0.0,0.0
822102010,1.0,0.0,0.0
687702009,1.0,0.0,0.0
1561002018,1.0,0.0,0.0
457602008,1.0,0.0,0.0
668502006,1.0,0.0,0.0
368102011,1.0,0.0,0.0
829302010,1.0,0.0,0.0
326802013,1.0,0.0,0.0
180002008,1.0,0.0,0.0
704802010,1.0,0.0,0.0
682702013,1.0,0.0,0.0
368402004,1.0,0.0,0.0
76802018,1.0,0.0,0.0
1062402016,1.0,0.0,0.0
2466902017,1.0,0.0,0.0
478202010,1.0,0.0,0.0
377602009,1.0,0.0,0.0
1098202016,1.0,0.0,0.0
479402003,1.0,1.0,0.0
432602004,1.0,0.0,0.0
1277102018,1.0,0.0,0.0
477702007,1.0,0.0,0.0
195702006,1.0,0.0,0.0
2263502018,1.0,1.0,0.0
941902010,1.0,0.0,0.0
801402006,1.0,0.0,0.0
603002017,1.0,0.0,0.0
171602005,1.0,0.0,0.0
332802009,1.0,0.0,0.0
654202009,1.0,0.0,0.0
187002010,1.0,0.0,0.0
388802013,1.0,0.0,0.0
359602004,1.0,0.0,0.0
645102018,1.0,0.0,0.0
488702011,1.0,0.0,0.0
904702010,1.0,0.0,0.0
194302009,1.0,0.0,0.0
200702008,1.0,0.0,3.0
367102006,1.0,0.0,0.0
130302003,1.0,0.0,0.0
383402003,1.0,0.0,0.0
187002018,1.0,0.0,0.0
530602020,1.0,0.0,0.0
648202016,1.0,0.0,0.0
375502005,1.0,0.0,0.0
524202013,1.0,0.0,3.0
684202012,1.0,0.0,0.0
320402013,1.0,0.0,0.0
375502009,1.0,0.0,0.0
332802010,1.0,0.0,0.0
540902008,1.0,0.0,0.0
537002007,1.0,0.0,0.0
517802006,1.0,0.0,0.0
199902011,1.0,0.0,0.0
585302016,1.0,0.0,0.0
1509002015,1.0,0.0,0.0
424202005,1.0,0.0,0.0
1234102012,1.0,0.0,0.0
651702013,1.0,0.0,0.0
459702015,1.0,0.0,0.0
1065202016,1.0,0.0,0.0
382902019,1.0,0.0,0.0
360202003,1.0,0.0,1.0
356002013,1.0,0.0,0.0
328202006,1.0,0.0,0.0
568502004,1.0,0.0,0.0
411402007,1.0,0.0,0.0
366602008,1.0,0.0,0.0
584202010,1.0,0.0,0.0
513802015,1.0,0.0,0.0
1499402017,1.0,0.0,0.0
443402020,1.0,0.0,0.0
1014902011,1.0,0.0,0.0
568502008,1.0,0.0,0.0
2500602020,1.0,0.0,0.0
823902007,1.0,1.0,0.0
526402005,1.0,0.0,0.0
715302009,1.0,0.0,2.0
370702010,1.0,0.0,0.0
1061902014,1.0,0.0,0.0
837902015,1.0,0.0,0.0
409102016,1.0,0.0,0.0
2233102017,1.0,0.0,0.0
1189902018,1.0,0.0,0.0
835502008,1.0,0.0,0.0
837902008,1.0,0.0,0.0
474402016,1.0,0.0,0.0
476002010,1.0,0.0,1.0
9000802010,1.0,0.0,0.0
591202016,1.0,0.0,0.0
425102012,1.0,0.0,0.0
610402019,1.0,0.0,0.0
826602015,1.0,0.0,0.0
535902006,1.0,0.0,0.0
841802018,1.0,0.0,1.0
2148702020,1.0,0.0,0.0
365402014,1.0,0.0,0.0
656902012,1.0,0.0,0.0
560902017,1.0,0.0,0.0
567302018,1.0,0.0,0.0
653402007,1.0,0.0,0.0
915802008,1.0,0.0,0.0
435802009,1.0,0.0,0.0
435802013,1.0,0.0,0.0
303502007,1.0,0.0,0.0
484102005,1.0,1.0,0.0
519802015,1.0,0.0,0.0
841802020,1.0,0.0,3.0
71502010,1.0,0.0,0.0
80302005,1.0,0.0,0.0
73902016,1.0,0.0,0.0
533202008,1.0,0.0,0.0
496302018,1.0,0.0,0.0
541702006,1.0,0.0,0.0
1218002019,1.0,0.0,2.0
82902013,1.0,0.0,0.0
2846202020,1.0,0.0,0.0
823902015,1.0,0.0,0.0
907102016,1.0,0.0,1.0
331102018,1.0,0.0,2.0
951902019,1.0,0.0,0.0
328202016,1.0,0.0,0.0
490002005,1.0,0.0,1.0
575402009,1.0,0.0,1.0
303902009,1.0,0.0,0.0
517102010,1.0,1.0,0.0
468402007,1.0,0.0,0.0
652702005,1.0,0.0,0.0
1012402012,1.0,0.0,0.0
865202013,1.0,0.0,0.0
666902010,1.0,0.0,0.0
1090802013,1.0,0.0,0.0
218802020,1.0,0.0,1.0
515002013,1.0,0.0,0.0
815802012,1.0,0.0,0.0
328602013,1.0,0.0,0.0
277102003,1.0,0.0,0.0
133402013,1.0,0.0,1.0
651802014,1.0,0.0,0.0
1000902012,1.0,0.0,0.0
543002017,1.0,0.0,0.0
2271002019,1.0,0.0,0.0
536602020,1.0,0.0,2.0
370302019,1.0,0.0,0.0
371102008,1.0,0.0,2.0
370202006,1.0,1.0,0.0
948602011,1.0,0.0,2.0
359502009,1.0,0.0,0.0
437102016,1.0,0.0,0.0
673902017,1.0,0.0,0.0
539502020,1.0,0.0,0.0
383202012,1.0,0.0,0.0
401602006,1.0,0.0,0.0
491802009,1.0,0.0,0.0
133402005,1.0,0.0,0.0
549202013,1.0,0.0,0.0
454002008,1.0,0.0,0.0
387102010,1.0,0.0,0.0
393502011,1.0,0.0,0.0
687902013,1.0,0.0,0.0
681502016,1.0,0.0,1.0
656502007,1.0,0.0,0.0
663602020,1.0,0.0,0.0
338802006,1.0,0.0,0.0
901202010,1.0,0.0,0.0
687602015,1.0,1.0,0.0
476102003,1.0,0.0,3.0
834702020,1.0,0.0,1.0
1116102011,1.0,0.0,0.0
362002011,1.0,0.0,0.0
1116102015,1.0,0.0,1.0
2255302017,1.0,0.0,0.0
667002007,1.0,0.0,0.0
152002007,1.0,1.0,0.0
401602010,1.0,0.0,0.0
152002011,1.0,0.0,0.0
381202009,1.0,0.0,0.0
571002007,1.0,0.0,0.0
378302009,1.0,0.0,0.0
602302012,1.0,0.0,0.0
602302016,1.0,0.0,0.0
435902018,1.0,0.0,0.0
386202020,1.0,0.0,0.0
560202007,1.0,0.0,3.0
470802015,1.0,0.0,0.0
248002018,1.0,0.0,0.0
1100202019,1.0,0.0,0.0
464402018,1.0,0.0,0.0
320402018,1.0,0.0,1.0
60502012,1.0,0.0,0.0
627302003,1.0,0.0,0.0
262502010,1.0,0.0,0.0
1145702012,1.0,0.0,0.0
2263402020,1.0,0.0,0.0
541802019,1.0,0.0,0.0
1386902012,1.0,0.0,0.0
650602016,1.0,0.0,0.0
1540402020,1.0,0.0,0.0
123402006,1.0,0.0,0.0
423702005,1.0,0.0,0.0
481302006,1.0,0.0,0.0
487702007,1.0,0.0,0.0
366102008,1.0,0.0,0.0
500502009,1.0,0.0,0.0
487702011,1.0,0.0,0.0
583702014,1.0,0.0,0.0
2321402018,1.0,0.0,0.0
248102005,1.0,0.0,0.0
435802007,1.0,0.0,0.0
669802007,1.0,0.0,0.0
529002013,1.0,0.0,0.0
362602015,1.0,0.0,0.0
963502019,1.0,0.0,1.0
1277102020,1.0,0.0,0.0
1055502017,1.0,0.0,0.0
354802014,1.0,0.0,0.0
360902014,1.0,0.0,0.0
531102020,1.0,0.0,0.0
2420402019,1.0,0.0,0.0
322802007,1.0,0.0,0.0
367602008,1.0,0.0,0.0
137202012,1.0,0.0,0.0
1410802013,1.0,0.0,0.0
655602019,1.0,0.0,0.0
396702011,1.0,0.0,0.0
137202020,1.0,0.0,0.0
704802013,1.0,0.0,0.0
691102017,1.0,0.0,0.0
325702003,1.0,0.0,0.0
338502005,1.0,0.0,0.0
101702006,1.0,0.0,0.0
805702008,1.0,0.0,0.0
691102013,1.0,2.0,0.0
531102010,1.0,0.0,0.0
868902012,1.0,1.0,0.0
329802005,1.0,0.0,0.0
283002012,1.0,0.0,0.0
531702005,1.0,0.0,0.0
691402018,1.0,0.0,0.0
358902016,1.0,0.0,0.0
2586102020,1.0,0.0,1.0
936402019,1.0,0.0,0.0
368202003,1.0,0.0,1.0
144202006,1.0,0.0,0.0
236702008,1.0,0.0,0.0
656202010,1.0,0.0,0.0
329802013,1.0,0.0,0.0
1872202016,1.0,0.0,0.0
419602019,1.0,0.0,0.0
361802020,1.0,0.0,2.0
352702007,1.0,2.0,0.0
691102005,1.0,0.0,0.0
280902010,1.0,0.0,0.0
520202016,1.0,0.0,0.0
786502019,1.0,0.0,0.0
383402017,1.0,0.0,0.0
908502017,1.0,0.0,0.0
491802018,1.0,0.0,0.0
654402005,1.0,0.0,0.0
150502008,1.0,0.0,0.0
322802014,1.0,0.0,0.0
392002018,1.0,0.0,0.0
524002010,1.0,0.0,0.0
406702012,1.0,0.0,0.0
546202005,1.0,0.0,0.0
474202006,1.0,0.0,0.0
522902006,1.0,0.0,0.0
736402019,1.0,0.0,0.0
529002014,1.0,0.0,0.0
458902016,1.0,0.0,0.0
609002005,1.0,0.0,0.0
423402006,1.0,0.0,0.0
664302019,1.0,0.0,0.0
581102016,1.0,0.0,0.0
529702008,1.0,0.0,0.0
666902011,1.0,0.0,0.0
522102007,1.0,0.0,0.0
815002007,1.0,0.0,0.0
439102007,1.0,0.0,0.0
328602011,1.0,1.0,0.0
591002014,1.0,0.0,0.0
469402017,1.0,0.0,0.0
2220802018,1.0,0.0,0.0
357102003,1.0,0.0,1.0
453102004,1.0,0.0,1.0
385302013,1.0,0.0,0.0
523502009,1.0,0.0,0.0
849902010,1.0,0.0,0.0
664302011,1.0,0.0,0.0
69102012,1.0,0.0,0.0
898502014,1.0,0.0,0.0
581102019,1.0,0.0,0.0
669802005,1.0,0.0,0.0
149402010,1.0,0.0,0.0
1099602015,1.0,0.0,0.0
368402008,1.0,0.0,0.0
517802012,1.0,0.0,0.0
517802016,1.0,0.0,0.0
537002017,1.0,0.0,0.0
805802019,1.0,0.0,0.0
2309802020,1.0,0.0,0.0
1914102017,1.0,0.0,0.0
1959902018,1.0,0.0,2.0
588202009,1.0,1.0,0.0
367102004,1.0,0.0,0.0
411902005,1.0,0.0,0.0
130302009,1.0,0.0,0.0
501202018,1.0,0.0,0.0
367102012,1.0,0.0,0.0
667902013,1.0,0.0,0.0
546302016,1.0,0.0,1.0
377002010,1.0,0.0,0.0
370602003,1.0,0.0,0.0
2538402019,1.0,0.0,0.0
2086402018,1.0,0.0,0.0
452602008,1.0,0.0,0.0
352002003,1.0,0.0,0.0
332802008,1.0,0.0,0.0
467202009,1.0,0.0,0.0
889602011,1.0,0.0,0.0
1118202012,1.0,0.0,0.0
805302014,1.0,0.0,0.0
966402019,1.0,0.0,0.0
822102020,1.0,0.0,0.0
3116902020,1.0,0.0,0.0
534702009,1.0,0.0,1.0
687702007,1.0,0.0,0.0
585302011,1.0,0.0,0.0
642902012,1.0,0.0,0.0
585302015,1.0,0.0,0.0
2466902019,1.0,0.0,0.0
364202004,1.0,0.0,2.0
601502015,1.0,0.0,0.0
2046302016,1.0,0.0,1.0
730702017,1.0,0.0,0.0
196602020,1.0,0.0,0.0
2153602017,1.0,0.0,1.0
609102004,1.0,0.0,0.0
359502007,1.0,0.0,0.0
609102008,1.0,0.0,0.0
1229902011,1.0,0.0,0.0
71502012,1.0,0.0,0.0
849902020,1.0,0.0,0.0
645202009,1.0,0.0,0.0
542202010,1.0,0.0,0.0
2378802019,1.0,0.0,0.0
210602011,1.0,0.0,0.0
528802009,1.0,0.0,2.0
234402011,1.0,0.0,0.0
560802012,1.0,0.0,0.0
336402012,1.0,0.0,0.0
689402019,1.0,0.0,0.0
1245002017,1.0,0.0,0.0
196602012,1.0,0.0,0.0
484602011,1.0,1.0,0.0
248402011,1.0,0.0,0.0
1481502020,1.0,1.0,0.0
786002015,1.0,0.0,0.0
395602016,1.0,0.0,0.0
978002017,1.0,0.0,0.0
490002009,1.0,0.0,0.0
415902019,1.0,0.0,0.0
788902007,1.0,0.0,0.0
731302012,1.0,0.0,0.0
788902015,1.0,0.0,0.0
1390502017,1.0,0.0,0.0
846502018,1.0,0.0,0.0
523002005,1.0,0.0,0.0
484602007,1.0,0.0,0.0
523002009,1.0,0.0,0.0
303902005,1.0,0.0,0.0
904602009,1.0,0.0,0.0
1317602017,1.0,0.0,0.0
169202018,1.0,0.0,0.0
602402006,1.0,0.0,0.0
662002007,1.0,0.0,1.0
425202010,1.0,0.0,0.0
137202013,1.0,0.0,0.0
407402008,1.0,0.0,0.0
1410802016,1.0,0.0,0.0
137202017,1.0,0.0,0.0
386802020,1.0,0.0,0.0
531102019,1.0,0.0,0.0
101702003,1.0,0.0,0.0
361702007,1.0,1.0,0.0
656102010,1.0,0.0,2.0
335002007,1.0,0.0,0.0
802202008,1.0,0.0,0.0
539802011,1.0,0.0,0.0
373402013,1.0,0.0,0.0
383902020,1.0,0.0,0.0
998302016,1.0,0.0,3.0
484602012,1.0,0.0,0.0
1245002015,1.0,0.0,0.0
381002004,1.0,0.0,0.0
419402006,1.0,0.0,0.0
144202007,1.0,0.0,0.0
440602020,1.0,0.0,1.0
880202010,1.0,0.0,0.0
432202012,1.0,0.0,0.0
1238602014,1.0,0.0,0.0
2906602019,1.0,0.0,0.0
998302012,1.0,0.0,0.0
957002018,1.0,0.0,0.0
640602004,1.0,0.0,0.0
828002016,1.0,0.0,0.0
1374002018,1.0,0.0,0.0
187002003,1.0,0.0,0.0
601502006,1.0,0.0,0.0
863902011,1.0,0.0,0.0
1045402014,1.0,0.0,0.0
1410202015,1.0,0.0,1.0
1365402016,1.0,0.0,1.0
372202003,1.0,0.0,0.0
542102006,1.0,0.0,0.0
350102008,1.0,0.0,0.0
919702013,1.0,0.0,0.0
1386902014,1.0,0.0,0.0
798102018,1.0,0.0,0.0
2083402019,1.0,0.0,0.0
614602006,1.0,0.0,0.0
404202004,1.0,0.0,0.0
2088602017,1.0,0.0,0.0
385002005,1.0,0.0,0.0
423402007,1.0,0.0,0.0
410602009,1.0,0.0,0.0
609002012,1.0,0.0,1.0
665902008,1.0,0.0,0.0
694102008,1.0,0.0,0.0
375402011,1.0,0.0,1.0
612502005,1.0,0.0,0.0
195902007,1.0,0.0,0.0
215702003,1.0,0.0,0.0
195502008,1.0,0.0,0.0
2178202019,1.0,0.0,0.0
603102015,1.0,0.0,0.0
376302005,1.0,0.0,0.0
357102006,1.0,0.0,0.0
841102020,1.0,0.0,0.0
305202005,1.0,0.0,0.0
811502013,1.0,0.0,0.0
651502016,1.0,0.0,0.0
785902017,1.0,0.0,0.0
75302018,1.0,0.0,0.0
559702008,1.0,0.0,0.0
462402010,1.0,0.0,0.0
648002015,1.0,0.0,0.0
338502009,1.0,0.0,1.0
392002019,1.0,0.0,0.0
144202003,1.0,0.0,0.0
944802015,1.0,0.0,0.0
920702013,1.0,0.0,0.0
280402003,1.0,0.0,0.0
546302017,1.0,0.0,0.0
1583102019,1.0,0.0,0.0
488702020,1.0,0.0,0.0
366202020,1.0,0.0,0.0
836602011,1.0,0.0,0.0
133402010,1.0,0.0,0.0
433402007,1.0,0.0,0.0
280402007,1.0,0.0,0.0
1583102015,1.0,0.0,0.0
779602009,1.0,0.0,1.0
786002010,1.0,0.0,0.0
1202402013,1.0,0.0,0.0
280402015,1.0,0.0,0.0
978002016,1.0,0.0,0.0
549202017,1.0,0.0,0.0
47802008,1.0,0.0,0.0
667902016,1.0,0.0,0.0
59902013,1.0,0.0,0.0
858102019,1.0,0.0,0.0
364202017,1.0,0.0,0.0
760802017,1.0,0.0,0.0
2502013,1.0,0.0,0.0
325802003,1.0,0.0,0.0
370602006,1.0,0.0,0.0
479402007,1.0,0.0,1.0
537002008,1.0,0.0,0.0
517802009,1.0,0.0,0.0
805802018,1.0,0.0,0.0
655102010,1.0,0.0,0.0
530602019,1.0,0.0,0.0
1100202020,1.0,0.0,0.0
966302011,1.0,0.0,0.0
546302005,1.0,0.0,0.0
194302006,1.0,0.0,0.0
200702007,1.0,0.0,0.0
367102009,1.0,0.0,0.0
949702008,1.0,0.0,0.0
2279502020,1.0,1.0,9.0
436902003,1.0,0.0,2.0
528802008,1.0,0.0,0.0
609102013,1.0,0.0,0.0
941902017,1.0,0.0,0.0
727702010,1.0,0.0,1.0
2002302018,1.0,1.0,1.0
786002008,1.0,0.0,0.0
716602010,1.0,0.0,0.0
560802005,1.0,0.0,0.0
560802009,1.0,0.0,0.0
541502010,1.0,0.0,0.0
719302015,1.0,0.0,0.0
671302005,1.0,0.0,0.0
836402013,1.0,0.0,0.0
730102007,1.0,0.0,0.0
781302015,1.0,0.0,0.0
1286602013,1.0,0.0,0.0
691402012,1.0,0.0,0.0
941902009,1.0,0.0,0.0
26702006,1.0,0.0,0.0
1118202011,1.0,0.0,0.0
458902009,1.0,0.0,0.0
788902006,1.0,0.0,0.0
52902007,1.0,0.0,0.0
822102009,1.0,0.0,0.0
952702018,1.0,1.0,0.0
532902018,1.0,0.0,0.0
2184102020,1.0,0.0,0.0
475602016,1.0,0.0,0.0
545402020,1.0,0.0,0.0
654202017,1.0,0.0,0.0
478202005,1.0,0.0,0.0
460702006,1.0,0.0,0.0
433402010,1.0,0.0,0.0
523002012,1.0,0.0,1.0
1118202013,1.0,0.0,0.0
196602017,1.0,0.0,0.0
524202011,1.0,1.0,0.0
82902014,1.0,0.0,0.0
1954402017,1.0,0.0,0.0
354002004,1.0,0.0,0.0
724702009,1.0,0.0,0.0
504702008,1.0,0.0,0.0
741502013,1.0,0.0,0.0
645502014,1.0,0.0,0.0
1176702017,1.0,0.0,1.0
959102019,1.0,0.0,0.0
543002013,1.0,0.0,0.0
336402009,1.0,0.0,0.0
190102004,1.0,0.0,1.0
373202011,1.0,0.0,1.0
110802018,1.0,0.0,0.0
475602019,1.0,0.0,0.0
428702008,1.0,0.0,0.0
575002013,1.0,0.0,0.0
90102011,1.0,0.0,0.0
395302006,1.0,0.0,0.0
370302003,1.0,0.0,0.0
959102015,1.0,0.0,0.0
374402009,1.0,0.0,0.0
870102018,1.0,0.0,0.0
1238402020,1.0,0.0,1.0
2002302019,1.0,0.0,0.0
671702014,1.0,0.0,0.0
735702005,1.0,0.0,0.0
172502013,1.0,0.0,0.0
511702014,1.0,1.0,0.0
82902015,1.0,0.0,0.0
908502020,1.0,0.0,0.0
888002020,1.0,0.0,1.0
484102006,1.0,0.0,0.0
97302016,1.0,0.0,0.0
540202006,1.0,1.0,0.0
373802008,1.0,0.0,0.0
642602010,1.0,0.0,0.0
9001002012,1.0,0.0,0.0
9001002016,1.0,0.0,2.0
452902007,1.0,0.0,0.0
715302008,1.0,0.0,0.0
582202008,1.0,0.0,0.0
9501302019,1.0,0.0,0.0
506402010,1.0,0.0,0.0
180002011,1.0,0.0,0.0
320802013,1.0,0.0,0.0
455202014,1.0,0.0,0.0
180002019,1.0,0.0,0.0
491802005,1.0,0.0,0.0
195702017,1.0,0.0,1.0
1155702019,1.0,0.0,0.0
395302010,1.0,0.0,0.0
675702020,1.0,0.0,0.0
441802003,1.0,0.0,0.0
390602007,1.0,0.0,0.0
365002011,1.0,0.0,0.0
360902015,1.0,0.0,0.0
659402013,1.0,0.0,0.0
659402017,1.0,0.0,0.0
781602009,1.0,0.0,0.0
237602004,1.0,0.0,0.0
1540302020,1.0,0.0,0.0
605902018,1.0,0.0,0.0
248102011,1.0,0.0,0.0
657702015,1.0,0.0,0.0
664102020,1.0,0.0,0.0
541802020,1.0,0.0,2.0
385402004,1.0,0.0,0.0
187002005,1.0,0.0,0.0
654202006,1.0,0.0,0.0
654202010,1.0,0.0,0.0
187002013,1.0,0.0,0.0
667002016,1.0,0.0,0.0
609102011,1.0,0.0,0.0
923002020,1.0,0.0,0.0
1268702017,1.0,0.0,0.0
663502003,1.0,0.0,0.0
362702008,1.0,0.0,2.0
374402017,1.0,0.0,0.0
665902019,1.0,1.0,0.0
528102009,1.0,0.0,0.0
388702010,1.0,0.0,1.0
953402020,1.0,0.0,0.0
413202008,1.0,0.0,0.0
953002016,1.0,0.0,0.0
303502006,1.0,0.0,0.0
546702008,1.0,0.0,0.0
425102009,1.0,0.0,0.0
319502005,1.0,0.0,0.0
1013902017,1.0,0.0,0.0
793402007,1.0,0.0,0.0
524002004,1.0,0.0,0.0
495502012,1.0,0.0,0.0
664802006,1.0,0.0,0.0
632802009,1.0,0.0,1.0
383202010,1.0,0.0,0.0
760802013,1.0,0.0,0.0
320402016,1.0,0.0,0.0
582202018,1.0,0.0,0.0
505402006,1.0,0.0,0.0
2221102018,1.0,0.0,0.0
337202007,1.0,0.0,1.0
605502007,1.0,0.0,0.0
439102013,1.0,0.0,0.0
253402005,1.0,0.0,0.0
544402005,1.0,0.0,0.0
326802011,1.0,0.0,0.0
461202016,1.0,0.0,0.0
477302006,1.0,0.0,0.0
519802019,1.0,0.0,1.0
332602003,1.0,0.0,0.0
188902005,1.0,0.0,0.0
534502007,1.0,0.0,0.0
188902009,1.0,0.0,0.0
528102010,1.0,0.0,0.0
739302011,1.0,0.0,0.0
361702012,1.0,0.0,0.0
534502019,1.0,0.0,0.0
280802018,1.0,0.0,0.0
2156002019,1.0,0.0,0.0
1317602020,1.0,0.0,0.0
687602014,1.0,0.0,0.0
788602009,1.0,0.0,0.0
957002014,1.0,0.0,0.0
354002006,1.0,0.0,0.0
256902004,1.0,0.0,2.0
640902008,1.0,0.0,0.0
340102009,1.0,0.0,0.0
237702017,1.0,0.0,0.0
259802004,1.0,0.0,0.0
136502003,1.0,0.0,0.0
349402006,1.0,0.0,0.0
253402007,1.0,0.0,1.0
605402010,1.0,0.0,0.0
605402014,1.0,0.0,0.0
656602018,1.0,0.0,1.0
153902007,1.0,0.0,1.0
403502014,1.0,0.0,0.0
420402010,1.0,0.0,0.0
458802008,1.0,0.0,1.0
802202016,1.0,0.0,0.0
369202006,1.0,0.0,0.0
494702015,1.0,0.0,0.0
533302009,1.0,0.0,1.0
329802009,1.0,0.0,0.0
254602005,1.0,0.0,0.0
479402006,1.0,0.0,0.0
401802008,1.0,0.0,0.0
485102009,1.0,0.0,3.0
1509002017,1.0,0.0,0.0
725302007,1.0,0.0,0.0
2552202020,1.0,0.0,1.0
603102007,1.0,1.0,1.0
327902012,1.0,0.0,0.0
1268702015,1.0,0.0,0.0
327902016,1.0,1.0,0.0
2004702018,1.0,0.0,0.0
609002009,1.0,0.0,0.0
423402010,1.0,0.0,0.0
410602012,1.0,0.0,0.0
527102008,1.0,0.0,0.0
543402015,1.0,0.0,0.0
805802016,1.0,0.0,0.0
325802017,1.0,0.0,0.0
651702018,1.0,0.0,0.0
166002017,1.0,0.0,1.0
364202009,1.0,0.0,0.0
546302007,1.0,0.0,0.0
1103102010,1.0,0.0,0.0
364202007,1.0,0.0,0.0
329802014,1.0,0.0,0.0
488702014,1.0,0.0,0.0
1519102015,1.0,0.0,0.0
495502017,1.0,0.0,0.0
546302019,1.0,0.0,0.0
392002012,1.0,0.0,0.0
171602004,1.0,0.0,0.0
834502011,1.0,0.0,0.0
325802005,1.0,0.0,0.0
963502018,1.0,0.0,0.0
452602007,1.0,0.0,0.0
22302013,1.0,0.0,0.0
332802005,1.0,0.0,0.0
467202008,1.0,0.0,0.0
525602007,1.0,0.0,0.0
800002016,1.0,0.0,0.0
2086402019,1.0,0.0,0.0
527702007,1.0,0.0,0.0
106702009,1.0,0.0,0.0
543002015,1.0,0.0,0.0
992202020,1.0,1.0,0.0
527702015,1.0,0.0,0.0
828502016,1.0,0.0,0.0
380602018,1.0,0.0,0.0
1826902018,1.0,0.0,0.0
822102019,1.0,0.0,0.0
176802019,1.0,0.0,1.0
280402005,1.0,0.0,0.0
384202005,1.0,0.0,0.0
978002014,1.0,0.0,0.0
549402011,1.0,0.0,0.0
523002010,1.0,0.0,0.0
222202011,1.0,0.0,0.0
433402012,1.0,0.0,0.0
542202017,1.0,0.0,0.0
478202019,1.0,0.0,0.0
687902010,1.0,0.0,0.0
407402010,1.0,0.0,0.0
679502006,1.0,0.0,1.0
1010002015,1.0,0.0,0.0
673102009,1.0,1.0,0.0
141902010,1.0,0.0,0.0
914402020,1.0,0.0,0.0
730702018,1.0,0.0,0.0
150502010,1.0,0.0,0.0
640902018,1.0,0.0,0.0
659502017,1.0,0.0,0.0
435802012,1.0,0.0,0.0
196602007,1.0,0.0,0.0
542202005,1.0,0.0,0.0
484602004,1.0,1.0,0.0
786002016,1.0,0.0,0.0
395602019,1.0,0.0,0.0
270502003,1.0,0.0,0.0
500902007,1.0,0.0,0.0
602302005,1.0,0.0,0.0
788902012,1.0,0.0,0.0
52902013,1.0,0.0,0.0
270402006,1.0,0.0,0.0
788902016,1.0,0.0,0.0
718502017,1.0,0.0,0.0
2184102018,1.0,1.0,0.0
605702005,1.0,0.0,0.0
517802018,1.0,0.0,0.0
373802011,1.0,0.0,2.0
1482502017,1.0,0.0,0.0
392402017,1.0,0.0,0.0
521902015,1.0,0.0,0.0
304202005,1.0,0.0,0.0
868902019,1.0,0.0,0.0
2064002019,1.0,0.0,0.0
366202019,1.0,0.0,0.0
789402010,1.0,0.0,0.0
866702010,1.0,0.0,0.0
328202003,1.0,0.0,0.0
366602005,1.0,0.0,0.0
560802016,1.0,0.0,0.0
366602009,1.0,0.0,0.0
359002009,1.0,0.0,0.0
411402010,1.0,0.0,0.0
520202013,1.0,1.0,0.0
328202019,1.0,0.0,0.0
653102010,1.0,1.0,0.0
523102005,1.0,0.0,0.0
388702006,1.0,0.0,0.0
823902010,1.0,0.0,1.0
965302015,1.0,0.0,0.0
651702012,1.0,0.0,0.0
73902013,1.0,0.0,0.0
356002010,1.0,0.0,0.0
345102007,1.0,0.0,0.0
415502008,1.0,0.0,0.0
656202007,1.0,0.0,0.0
345102011,1.0,0.0,0.0
1014002016,1.0,0.0,0.0
837902014,1.0,0.0,0.0
1055502016,1.0,0.0,0.0
368402010,1.0,0.0,0.0
734902007,1.0,0.0,0.0
642402005,1.0,0.0,0.0
584802006,1.0,0.0,0.0
463202009,1.0,0.0,2.0
320302007,1.0,0.0,1.0
994402018,1.0,0.0,0.0
18102003,1.0,0.0,1.0
328202008,1.0,1.0,0.0
331102011,1.0,0.0,1.0
1065202020,1.0,0.0,0.0
406702013,1.0,0.0,0.0
2343002018,1.0,0.0,0.0
856802009,1.0,0.0,0.0
385302007,1.0,0.0,0.0
781402010,1.0,0.0,0.0
359002012,1.0,0.0,0.0
365402015,1.0,0.0,0.0
384602016,1.0,0.0,0.0
737802006,1.0,0.0,1.0
410202020,1.0,0.0,0.0
388802019,1.0,0.0,0.0
1559602017,1.0,0.0,0.0
888002018,1.0,0.0,0.0
530302009,1.0,1.0,0.0
393902003,1.0,0.0,0.0
534702005,1.0,0.0,0.0
368302007,1.0,0.0,0.0
368302011,1.0,1.0,0.0
484102020,1.0,0.0,0.0
567302019,1.0,0.0,3.0
401602017,1.0,0.0,0.0
346002010,1.0,0.0,0.0
640602009,1.0,0.0,0.0
611402005,1.0,0.0,0.0
541802009,1.0,0.0,0.0
372402009,1.0,0.0,0.0
210602008,1.0,0.0,0.0
1012402013,1.0,0.0,0.0
218802017,1.0,0.0,0.0
1383602019,1.0,0.0,1.0
865202020,1.0,0.0,0.0
953002012,1.0,0.0,0.0
567302007,1.0,0.0,0.0
477702009,1.0,0.0,0.0
496902010,1.0,0.0,0.0
484102012,1.0,0.0,0.0
432902016,1.0,0.0,0.0
176802003,1.0,0.0,0.0
560802007,1.0,0.0,0.0
360902018,1.0,0.0,0.0
960402020,1.0,0.0,0.0
1271202017,1.0,0.0,0.0
82902018,1.0,0.0,0.0
160402007,1.0,0.0,0.0
77202010,1.0,0.0,0.0
294802012,1.0,0.0,0.0
329802007,1.0,0.0,0.0
441802016,1.0,0.0,0.0
541502009,1.0,0.0,1.0
2007102016,1.0,0.0,0.0
534502005,1.0,0.0,0.0
444902007,1.0,0.0,0.0
67302008,1.0,0.0,0.0
739302009,1.0,0.0,0.0
444902011,1.0,0.0,0.0
656102012,1.0,0.0,0.0
361702014,1.0,0.0,0.0
584202018,1.0,0.0,1.0
384602012,1.0,0.0,0.0
522902005,1.0,0.0,0.0
410602007,1.0,1.0,0.0
810902010,1.0,0.0,0.0
881302013,1.0,0.0,0.0
1386902016,1.0,0.0,0.0
766102019,1.0,1.0,0.0
294802013,1.0,0.0,0.0
110802016,1.0,0.0,0.0
346602005,1.0,0.0,0.0
826602016,1.0,0.0,0.0
586302014,1.0,0.0,0.0
691102020,1.0,0.0,2.0
947002009,1.0,0.0,0.0
860402009,1.0,0.0,0.0
319502007,1.0,0.0,0.0
439102011,1.0,0.0,0.0
558102005,1.0,0.0,0.0
195902013,1.0,0.0,0.0
2264002019,1.0,0.0,0.0
508902017,1.0,0.0,0.0
403002004,1.0,0.0,0.0
533302011,1.0,0.0,1.0
657702012,1.0,0.0,0.0
1317602018,1.0,0.0,0.0
479202019,1.0,0.0,0.0
385302011,1.0,0.0,0.0
533302003,1.0,0.0,1.0
318002005,1.0,0.0,0.0
552502010,1.0,0.0,0.0
590902012,1.0,0.0,0.0
787002008,1.0,0.0,0.0
860402010,1.0,0.0,0.0
490802017,1.0,0.0,0.0
388302007,1.0,0.0,0.0
734902018,1.0,0.0,0.0
401802006,1.0,0.0,0.0
254602007,1.0,0.0,1.0
401802010,1.0,0.0,0.0
357602012,1.0,0.0,0.0
530402011,1.0,0.0,0.0
815002009,1.0,0.0,0.0
773602009,1.0,0.0,0.0
529702006,1.0,0.0,0.0
1122402018,1.0,0.0,0.0
582202016,1.0,0.0,2.0
2444602019,1.0,0.0,0.0
303502004,1.0,0.0,0.0
269102009,1.0,0.0,0.0
425102007,1.0,2.0,0.0
489102013,1.0,0.0,0.0
495502014,1.0,0.0,0.0
303502016,1.0,0.0,0.0
781602006,1.0,0.0,0.0
487702015,1.0,0.0,0.0
524002006,1.0,0.0,0.0
632802007,1.0,0.0,0.0
357602008,1.0,0.0,2.0
542102008,1.0,0.0,0.0
2046302020,1.0,0.0,0.0
262602007,1.0,0.0,0.0
578802018,1.0,0.0,0.0
415902003,1.0,0.0,0.0
530402008,1.0,0.0,0.0
652702008,1.0,0.0,0.0
460702010,1.0,0.0,0.0
450502012,1.0,0.0,0.0
406702015,1.0,0.0,0.0
396702016,1.0,0.0,0.0
2456202019,1.0,0.0,0.0
431002016,1.0,0.0,0.0
583702009,1.0,0.0,1.0
655602008,1.0,0.0,0.0
169202004,1.0,0.0,0.0
662002005,1.0,0.0,0.0
578802008,1.0,0.0,0.0
258802010,1.0,0.0,0.0
834702017,1.0,0.0,0.0
356202008,1.0,0.0,0.0
1238602020,1.0,0.0,0.0
862502020,1.0,0.0,1.0
890102010,1.0,0.0,0.0
659502006,1.0,0.0,0.0
669702019,1.0,0.0,0.0
210602007,1.0,0.0,0.0
381602019,1.0,1.0,1.0
234402020,1.0,0.0,0.0
90102005,1.0,0.0,0.0
1011702009,1.0,0.0,0.0
354002009,1.0,0.0,0.0
1872202019,1.0,0.0,0.0
463102017,1.0,0.0,0.0
463202006,1.0,0.0,1.0
419402004,1.0,0.0,0.0
669002007,1.0,0.0,0.0
432202014,1.0,0.0,3.0
957002016,1.0,0.0,0.0
303902008,1.0,0.0,0.0
9001202012,1.0,0.0,0.0
1410802014,1.0,0.0,0.0
517802020,1.0,0.0,0.0
474402010,1.0,2.0,0.0
606702007,1.0,0.0,0.0
664302008,1.0,0.0,1.0
1922502019,1.0,0.0,0.0
69102011,1.0,0.0,0.0
664302012,1.0,0.0,0.0
2142702019,1.0,0.0,4.0
2430702020,1.0,0.0,0.0
699202009,1.0,0.0,0.0
425202020,1.0,0.0,0.0
398402010,1.0,0.0,0.0
436802008,1.0,0.0,0.0
392002017,1.0,0.0,0.0
1268802018,1.0,0.0,0.0
960402010,1.0,0.0,0.0
1230402020,1.0,0.0,0.0
941702020,1.0,0.0,0.0
523502006,1.0,0.0,0.0
651702020,1.0,0.0,0.0
1045402020,1.0,0.0,0.0
802202018,1.0,0.0,1.0
666702009,1.0,0.0,0.0
435802008,1.0,0.0,0.0
430902014,1.0,0.0,0.0
656802009,1.0,0.0,0.0
453802003,1.0,0.0,1.0
805702007,1.0,0.0,0.0
895302013,1.0,0.0,0.0
786502020,1.0,0.0,0.0
836602007,1.0,0.0,0.0
1268802016,1.0,0.0,0.0
431002004,1.0,0.0,0.0
373402007,1.0,0.0,0.0
789402008,1.0,0.0,0.0
591002009,1.0,0.0,0.0
1410202017,1.0,0.0,2.0
607502006,1.0,0.0,0.0
500902011,1.0,0.0,0.0
859902009,1.0,0.0,0.0
166702016,1.0,0.0,0.0
464302009,1.0,0.0,0.0
416302005,1.0,0.0,0.0
153902006,1.0,0.0,0.0
653402006,1.0,0.0,0.0
653102008,1.0,0.0,0.0
313902009,1.0,1.0,0.0
269102012,1.0,0.0,0.0
194302007,1.0,0.0,0.0
1232602017,1.0,0.0,0.0
275802011,1.0,0.0,0.0
992202013,1.0,0.0,1.0
531102012,1.0,0.0,0.0
576802013,1.0,0.0,1.0
457602007,1.0,0.0,0.0
700802009,1.0,1.0,1.0
259202010,1.0,0.0,0.0
2596302020,1.0,0.0,0.0
887002011,1.0,0.0,0.0
362802008,1.0,0.0,0.0
640902009,1.0,0.0,0.0
253202011,1.0,0.0,0.0
804402015,1.0,0.0,0.0
490802016,1.0,0.0,0.0
1508402017,1.0,0.0,0.0
474502003,1.0,0.0,0.0
237702004,1.0,0.0,0.0
589002007,1.0,0.0,1.0
805302019,1.0,0.0,0.0
547802008,1.0,0.0,0.0
237702012,1.0,0.0,0.0
640902013,1.0,0.0,1.0
237702016,1.0,0.0,0.0
543002020,1.0,0.0,0.0
478202018,1.0,0.0,0.0
1000902018,1.0,0.0,0.0
605402007,1.0,0.0,2.0
373402008,1.0,0.0,0.0
432002015,1.0,0.0,0.0
1238402017,1.0,0.0,1.0
740002011,1.0,0.0,0.0
454702009,1.0,0.0,0.0
1014002015,1.0,0.0,0.0
1599102018,1.0,0.0,0.0
645502019,1.0,0.0,0.0
485302014,1.0,0.0,1.0
833102017,1.0,0.0,0.0
576802016,1.0,0.0,0.0
787802016,1.0,0.0,0.0
995202019,1.0,0.0,0.0
533202005,1.0,0.0,0.0
651802005,1.0,0.0,0.0
533202009,1.0,0.0,0.0
533202013,1.0,0.0,1.0
9000402014,1.0,0.0,0.0
1141202018,1.0,0.0,0.0
725202019,1.0,0.0,0.0
504702009,1.0,0.0,0.0
504702005,1.0,0.0,0.0
611402010,1.0,1.0,0.0
482602020,1.0,0.0,0.0
2064002020,1.0,0.0,0.0
447702005,1.0,0.0,0.0
671702006,1.0,0.0,0.0
897902013,1.0,0.0,0.0
358102015,1.0,0.0,0.0
1932502017,1.0,0.0,0.0
799702018,1.0,0.0,0.0
966102020,1.0,0.0,0.0
397902007,1.0,0.0,0.0
1804002018,1.0,0.0,0.0
181802003,1.0,1.0,0.0
680502010,1.0,0.0,0.0
642602011,1.0,0.0,0.0
303902010,1.0,0.0,0.0
642602019,1.0,0.0,0.0
458802009,1.0,0.0,0.0
196402006,1.0,0.0,0.0
888102006,1.0,0.0,0.0
1450202017,1.0,0.0,0.0
1155302017,1.0,0.0,0.0
248002017,1.0,0.0,0.0
460702012,1.0,0.0,0.0
326202003,1.0,1.0,0.0
332602006,1.0,0.0,0.0
262202009,1.0,0.0,0.0
947002010,1.0,0.0,0.0
953402013,1.0,0.0,0.0
560102010,1.0,0.0,0.0
319802020,1.0,0.0,0.0
144202008,1.0,0.0,1.0
2263602020,1.0,0.0,5.0
463502006,1.0,0.0,0.0
393502006,1.0,0.0,0.0
998302018,1.0,0.0,2.0
560102009,1.0,0.0,0.0
576802008,1.0,0.0,0.0
444902008,1.0,0.0,0.0
458802005,1.0,0.0,0.0
506002006,1.0,0.0,0.0
547902003,1.0,0.0,1.0
439102012,1.0,0.0,0.0
2007102019,1.0,0.0,0.0
439102020,1.0,0.0,0.0
529702009,1.0,0.0,1.0
346002003,1.0,0.0,0.0
77202005,1.0,0.0,0.0
294802007,1.0,0.0,1.0
425702007,1.0,0.0,0.0
294802011,1.0,0.0,0.0
2048402017,1.0,0.0,0.0
2349202018,1.0,0.0,0.0
2415202017,1.0,0.0,0.0
1972102018,1.0,0.0,0.0
419302004,1.0,0.0,0.0
534502006,1.0,0.0,0.0
489102014,1.0,0.0,0.0
1877902017,1.0,0.0,0.0
1410702018,1.0,0.0,0.0
366302003,1.0,0.0,1.0
401802009,1.0,0.0,0.0
318602010,1.0,0.0,0.0
1509002016,1.0,1.0,0.0
325002017,1.0,0.0,0.0
869002020,1.0,0.0,0.0
994402012,1.0,0.0,0.0
110802015,1.0,0.0,0.0
668502007,1.0,0.0,0.0
425102020,1.0,0.0,0.0
398502014,1.0,0.0,0.0
366302011,1.0,0.0,0.0
334302012,1.0,0.0,0.0
926002018,1.0,0.0,0.0
2051002018,1.0,0.0,0.0
941702018,1.0,0.0,0.0
260402004,1.0,0.0,1.0
948602007,1.0,0.0,0.0
318602006,1.0,0.0,0.0
477702012,1.0,0.0,0.0
2263602019,1.0,0.0,3.0
453102006,1.0,0.0,0.0
1778302019,1.0,0.0,0.0
187002015,1.0,0.0,0.0
773602010,1.0,0.0,0.0
383202011,1.0,0.0,0.0
530402012,1.0,0.0,0.0
248802016,1.0,0.0,0.0
210402018,1.0,1.0,0.0
1228002019,1.0,0.0,0.0
508902020,1.0,0.0,0.0
533302004,1.0,0.0,0.0
856602008,1.0,0.0,0.0
680502013,1.0,0.0,0.0
590902015,1.0,0.0,0.0
430902016,1.0,0.0,0.0
542502004,1.0,0.0,0.0
248102010,1.0,0.0,0.0
835002018,1.0,0.0,0.0
487702010,1.0,0.0,0.0
941902011,1.0,0.0,0.0
2264002020,1.0,0.0,0.0
1739402019,1.0,0.0,0.0
280802017,1.0,0.0,0.0
532502003,1.0,0.0,0.0
500502004,1.0,0.0,0.0
654102008,1.0,0.0,0.0
500502012,1.0,0.0,0.0
772802013,1.0,0.0,0.0
462102014,1.0,0.0,1.0
1422102016,1.0,0.0,0.0
487702018,1.0,0.0,0.0
97302019,1.0,0.0,0.0
366202013,1.0,0.0,0.0
356202007,1.0,0.0,0.0
650602009,1.0,0.0,0.0
248002015,1.0,0.0,0.0
984002012,1.0,0.0,0.0
2418202019,1.0,0.0,0.0
392302016,1.0,0.0,0.0
376402004,1.0,0.0,0.0
149402007,1.0,0.0,0.0
1000302020,1.0,0.0,0.0
398502011,1.0,0.0,0.0
744302013,1.0,0.0,0.0
277102014,1.0,0.0,0.0
501102015,1.0,0.0,0.0
539502017,1.0,0.0,0.0
888002011,1.0,0.0,0.0
302702018,1.0,0.0,0.0
384602006,1.0,0.0,0.0
192602007,1.0,3.0,0.0
182902007,1.0,0.0,0.0
248002003,1.0,0.0,0.0
390402011,1.0,0.0,0.0
388802011,1.0,0.0,0.0
356202011,1.0,0.0,0.0
324202012,1.0,0.0,1.0
531102008,1.0,0.0,0.0
1145702017,1.0,0.0,0.0
253202012,1.0,0.0,0.0
1405202016,1.0,0.0,0.0
419602018,1.0,0.0,0.0
664302010,1.0,0.0,5.0
364902003,1.0,0.0,1.0
332902008,1.0,0.0,0.0
381602018,1.0,0.0,0.0
437102020,1.0,0.0,0.0
1751402017,1.0,0.0,0.0
420402019,1.0,0.0,0.0
664802005,1.0,0.0,0.0
610402017,1.0,0.0,0.0
525602009,1.0,0.0,0.0
443402014,1.0,0.0,0.0
956602011,1.0,0.0,0.0
1097402017,1.0,0.0,0.0
337202008,1.0,0.0,2.0
470802010,1.0,0.0,0.0
381202008,1.0,0.0,0.0
490002007,1.0,0.0,0.0
362602018,1.0,0.0,0.0
529002020,1.0,0.0,0.0
9002602020,1.0,0.0,0.0
781502005,1.0,0.0,0.0
47902008,1.0,0.0,1.0
378302008,1.0,0.0,0.0
1146302012,1.0,0.0,0.0
665902020,1.0,0.0,0.0
890302016,1.0,0.0,0.0
602302017,1.0,0.0,1.0
525602003,1.0,1.0,0.0
479402008,1.0,0.0,0.0
2309802018,1.0,0.0,0.0
364202013,1.0,0.0,0.0
10002006,1.0,0.0,0.0
1311002020,1.0,0.0,1.0
536602013,1.0,1.0,0.0
935202008,1.0,0.0,0.0
1404102016,1.0,0.0,0.0
682702015,1.0,0.0,0.0
676302016,1.0,0.0,1.0
1905102020,1.0,0.0,0.0
537002010,1.0,0.0,0.0
180002010,1.0,0.0,0.0
47902013,1.0,0.0,0.0
576802020,1.0,0.0,0.0
486402008,1.0,0.0,1.0
682702007,1.0,0.0,0.0
182902006,1.0,0.0,0.0
1154502016,1.0,0.0,0.0
656502008,1.0,0.0,0.0
138102009,1.0,0.0,0.0
1155702010,1.0,0.0,0.0
138102013,1.0,0.0,0.0
675702017,1.0,0.0,0.0
375502011,1.0,0.0,0.0
1141902017,1.0,0.0,0.0
133402012,1.0,0.0,0.0
3196602020,1.0,0.0,0.0
657702014,1.0,0.0,0.0
395302015,1.0,0.0,0.0
440602007,1.0,0.0,0.0
862502018,1.0,0.0,0.0
530402009,1.0,0.0,0.0
395602010,1.0,0.0,0.0
1683302020,1.0,0.0,0.0
346002009,1.0,0.0,0.0
283002017,1.0,0.0,0.0
667002005,1.0,0.0,0.0
481402006,1.0,0.0,0.0
187002008,1.0,0.0,0.0
788602010,1.0,0.0,0.0
603002011,1.0,0.0,1.0
603002015,1.0,0.0,0.0
519802016,1.0,0.0,1.0
812202008,1.0,0.0,0.0
1561002017,1.0,0.0,0.0
370202005,1.0,0.0,1.0
469702015,1.0,0.0,2.0
454002009,1.0,0.0,1.0
191202010,1.0,0.0,0.0
1606002017,1.0,0.0,0.0
354502005,1.0,2.0,0.0
719302012,1.0,0.0,0.0
196602018,1.0,0.0,0.0
836502007,1.0,0.0,0.0
1922502016,1.0,0.0,0.0
602802006,1.0,0.0,0.0
469702019,1.0,0.0,0.0
1000902020,1.0,0.0,0.0
571102005,1.0,0.0,0.0
935202009,1.0,0.0,0.0
575002003,1.0,0.0,0.0
133402008,1.0,0.0,0.0
651802011,1.0,0.0,0.0
511602008,1.0,0.0,0.0
984602009,1.0,0.0,0.0
1118202017,1.0,0.0,0.0
324202007,1.0,0.0,0.0
563402007,1.0,0.0,0.0
659402012,1.0,0.0,1.0
360902006,1.0,0.0,0.0
2176202019,1.0,0.0,0.0
96202020,1.0,0.0,0.0
444902004,1.0,0.0,0.0
1224502018,1.0,0.0,0.0
453102005,1.0,0.0,0.0
463902003,1.0,0.0,1.0
392302010,1.0,0.0,0.0
681502009,1.0,0.0,1.0
463902011,1.0,0.0,0.0
47902012,1.0,0.0,0.0
586102019,1.0,0.0,0.0
376302006,1.0,0.0,0.0
822102015,1.0,0.0,0.0
560002020,0.0,4.0,0.0
1833002018,0.0,3.0,0.0
1783202020,0.0,3.0,0.0
522902013,0.0,3.0,0.0
605902009,0.0,3.0,0.0
1226902018,0.0,3.0,0.0
686302010,0.0,3.0,0.0
365502006,0.0,2.0,0.0
458902007,0.0,2.0,0.0
1422802018,0.0,2.0,0.0
546202011,0.0,2.0,0.0
372302020,0.0,2.0,0.0
536602011,0.0,2.0,0.0
530302020,0.0,2.0,0.0
892302012,0.0,2.0,0.0
892402009,0.0,2.0,0.0
419602011,0.0,2.0,0.0
656902017,0.0,2.0,0.0
736402017,0.0,2.0,3.0
542502006,0.0,2.0,1.0
592102009,0.0,2.0,0.0
1271202015,0.0,2.0,0.0
567002010,0.0,2.0,0.0
101702011,0.0,2.0,0.0
786502018,0.0,2.0,0.0
365402007,0.0,2.0,0.0
2970902020,0.0,2.0,0.0
2153802018,0.0,2.0,0.0
365002015,0.0,2.0,0.0
2502018,0.0,2.0,0.0
9501302020,0.0,2.0,0.0
916902011,0.0,2.0,0.0
826602012,0.0,2.0,0.0
397902006,0.0,2.0,0.0
1710102019,0.0,2.0,0.0
899802020,0.0,2.0,0.0
2202602018,0.0,2.0,0.0
524202009,0.0,2.0,0.0
496302019,0.0,2.0,0.0
781502010,0.0,2.0,0.0
603102011,0.0,2.0,0.0
1314002018,0.0,2.0,0.0
1311002012,0.0,2.0,0.0
786502013,0.0,1.0,0.0
453902008,0.0,1.0,0.0
249102004,0.0,1.0,0.0
923002013,0.0,1.0,0.0
834702014,0.0,1.0,0.0
9001102012,0.0,1.0,0.0
495502011,0.0,1.0,0.0
833102019,0.0,1.0,0.0
3071802020,0.0,1.0,0.0
530702005,0.0,1.0,0.0
255502009,0.0,1.0,1.0
361702009,0.0,1.0,0.0
192602008,0.0,1.0,2.0
485302011,0.0,1.0,0.0
805302010,0.0,1.0,0.0
382902009,0.0,1.0,0.0
786102007,0.0,1.0,0.0
679202012,0.0,1.0,0.0
781302018,0.0,1.0,0.0
262602013,0.0,1.0,3.0
915802019,0.0,1.0,0.0
1103102013,0.0,1.0,0.0
369202008,0.0,1.0,0.0
607202018,0.0,1.0,0.0
1228002016,0.0,1.0,0.0
2173302020,0.0,1.0,0.0
9000802012,0.0,1.0,0.0
423402003,0.0,1.0,0.0
642402008,0.0,1.0,0.0
901502009,0.0,1.0,0.0
248802005,0.0,1.0,0.0
210402004,0.0,1.0,0.0
1963002018,0.0,1.0,0.0
2229802020,0.0,1.0,0.0
387202010,0.0,1.0,0.0
941902015,0.0,1.0,0.0
524202017,0.0,1.0,0.0
253202009,0.0,1.0,0.0
327902019,0.0,1.0,0.0
1084902020,0.0,1.0,0.0
1874202020,0.0,1.0,0.0
924602013,0.0,1.0,0.0
336402004,0.0,1.0,0.0
331602009,0.0,1.0,0.0
191202008,0.0,1.0,0.0
673102017,0.0,1.0,0.0
2157902018,0.0,1.0,0.0
1773502018,0.0,1.0,0.0
1923902017,0.0,1.0,0.0
1599102014,0.0,1.0,0.0
653502013,0.0,1.0,0.0
865202009,0.0,1.0,0.0
439102006,0.0,1.0,0.0
547902004,0.0,1.0,0.0
1014002014,0.0,1.0,0.0
602602020,0.0,1.0,0.0
826602014,0.0,1.0,0.0
585302007,0.0,1.0,0.0
385002008,0.0,1.0,0.0
398402007,0.0,1.0,0.0
253202008,0.0,1.0,0.0
381202010,0.0,1.0,0.0
368102016,0.0,1.0,0.0
380602011,0.0,1.0,0.0
518202010,0.0,1.0,0.0
1946102016,0.0,1.0,0.0
947002008,0.0,1.0,0.0
124602007,0.0,1.0,0.0
786102009,0.0,1.0,0.0
447802005,0.0,1.0,0.0
897902007,0.0,1.0,0.0
370302020,0.0,1.0,0.0
530502013,0.0,1.0,0.0
381102013,0.0,1.0,0.0
204002018,0.0,1.0,0.0
592102013,0.0,1.0,0.0
333402012,0.0,1.0,0.0
134502012,0.0,1.0,0.0
534502011,0.0,1.0,0.0
508902010,0.0,1.0,0.0
368102006,0.0,1.0,0.0
150502005,0.0,1.0,0.0
364902004,0.0,1.0,1.0
883902018,0.0,1.0,0.0
966402013,0.0,1.0,0.0
1383602017,0.0,1.0,0.0
907102017,0.0,1.0,4.0
1709202019,0.0,1.0,0.0
1224502012,0.0,1.0,0.0
524202019,0.0,1.0,0.0
1019702014,0.0,1.0,0.0
665902013,0.0,1.0,0.0
1232602013,0.0,1.0,0.0
1914202016,0.0,1.0,1.0
275802017,0.0,1.0,0.0
415202007,0.0,1.0,0.0
1347802019,0.0,1.0,1.0
358902018,0.0,1.0,0.0
781302019,0.0,1.0,1.0
394402006,0.0,1.0,0.0
1196102019,0.0,1.0,0.0
358702003,0.0,1.0,1.0
83402003,0.0,1.0,0.0
1082302012,0.0,1.0,0.0
653102009,0.0,1.0,0.0
362202012,0.0,1.0,0.0
567002009,0.0,1.0,0.0
9001802015,0.0,1.0,0.0
605702014,0.0,1.0,0.0
484102015,0.0,1.0,0.0
352902017,0.0,1.0,0.0
2416902018,0.0,1.0,0.0
1218502018,0.0,1.0,0.0
653702020,0.0,1.0,0.0
399902005,0.0,1.0,0.0
787802008,0.0,1.0,0.0
432202003,0.0,1.0,0.0
560602003,0.0,1.0,4.0
547802005,0.0,1.0,0.0
567002006,0.0,1.0,0.0
349402007,0.0,1.0,0.0
679902018,0.0,1.0,0.0
496302015,0.0,1.0,0.0
496302017,0.0,1.0,0.0
1379502017,0.0,1.0,0.0
419602015,0.0,1.0,0.0
899802017,0.0,1.0,0.0
731102011,0.0,1.0,0.0
1013902013,0.0,1.0,0.0
2197502019,0.0,1.0,0.0
128602019,0.0,1.0,0.0
329302004,0.0,1.0,0.0
668502005,0.0,1.0,0.0
687602013,0.0,1.0,0.0
828502007,0.0,1.0,0.0
669702015,0.0,1.0,0.0
605902017,0.0,1.0,0.0
2722902018,0.0,1.0,0.0
642902013,0.0,1.0,0.0
2438402018,0.0,1.0,0.0
895302018,0.0,1.0,0.0
1824002016,0.0,1.0,0.0
700802005,0.0,1.0,0.0
847302012,0.0,1.0,0.0
73902020,0.0,1.0,0.0
1230402016,0.0,1.0,0.0
651602016,0.0,1.0,0.0
362202009,0.0,1.0,0.0
390402003,0.0,1.0,0.0
432002006,0.0,1.0,0.0
603102010,0.0,1.0,0.0
713602007,0.0,1.0,0.0
327902017,0.0,1.0,0.0
387202009,0.0,1.0,0.0
800002010,0.0,1.0,0.0
865202008,0.0,1.0,0.0
659502004,0.0,1.0,0.0
1410702014,0.0,1.0,0.0
1096102017,0.0,1.0,0.0
653102003,0.0,1.0,0.0
123402011,0.0,1.0,0.0
530302012,0.0,1.0,0.0
523502005,0.0,1.0,0.0
1435402017,0.0,1.0,0.0
364902005,0.0,1.0,1.0
798102016,0.0,1.0,0.0
192102012,0.0,1.0,0.0
494702017,0.0,1.0,0.0
977802009,0.0,1.0,0.0
398602011,0.0,1.0,0.0
992202018,0.0,1.0,0.0
2774102019,0.0,1.0,0.0
485302019,0.0,1.0,0.0
2648502020,0.0,1.0,0.0
2686002020,0.0,1.0,0.0
407402004,0.0,1.0,0.0
737802005,0.0,1.0,0.0
186802015,0.0,1.0,0.0
346602004,0.0,1.0,0.0
186802016,0.0,1.0,0.0
655702020,0.0,1.0,0.0
247402012,0.0,1.0,0.0
186802018,0.0,1.0,0.0
679902011,0.0,1.0,0.0
432602005,0.0,1.0,0.0
51602011,0.0,1.0,0.0
865202015,0.0,1.0,0.0
865202016,0.0,1.0,0.0
420402017,0.0,1.0,3.0
951902009,0.0,1.0,0.0
1233302017,0.0,1.0,0.0
678502010,0.0,1.0,1.0
352902005,0.0,1.0,0.0
602502006,0.0,1.0,0.0
496902007,0.0,1.0,0.0
645202012,0.0,1.0,0.0
1268702012,0.0,1.0,0.0
113202009,0.0,1.0,0.0
791902014,0.0,1.0,0.0
529002010,0.0,1.0,0.0
1519102020,0.0,1.0,0.0
881302012,0.0,1.0,0.0
859102019,0.0,1.0,0.0
3025502020,0.0,1.0,0.0
133102017,0.0,1.0,0.0
440602012,0.0,1.0,0.0
506002005,0.0,1.0,0.0
1154802013,0.0,1.0,0.0
113202005,0.0,1.0,0.0
865202007,0.0,1.0,0.0
462102011,0.0,1.0,0.0
369002003,0.0,1.0,0.0
1050702010,0.0,1.0,0.0
795602009,0.0,1.0,0.0
26702004,0.0,1.0,1.0
609102005,0.0,1.0,0.0
26702007,0.0,1.0,0.0
941902008,0.0,1.0,0.0
966302020,0.0,1.0,0.0
1893002018,0.0,1.0,0.0
530702008,0.0,1.0,1.0
528602013,0.0,1.0,0.0
376302010,0.0,1.0,0.0
1005902019,0.0,1.0,0.0
1057402020,0.0,1.0,0.0
1508402020,0.0,1.0,0.0
856702018,0.0,1.0,0.0
1229902014,0.0,1.0,0.0
452602003,0.0,1.0,0.0
955002018,0.0,1.0,1.0
955002008,0.0,1.0,1.0
1057402014,0.0,1.0,0.0
523002016,0.0,1.0,0.0
960402009,0.0,1.0,0.0
730102005,0.0,1.0,0.0
522702015,0.0,1.0,0.0
313902017,0.0,1.0,0.0
911202013,0.0,1.0,0.0
278902003,0.0,1.0,0.0
899802013,0.0,1.0,0.0
538102008,0.0,1.0,0.0
652702013,0.0,1.0,0.0
1053302011,0.0,1.0,0.0
890102013,0.0,1.0,0.0
1386102015,0.0,1.0,0.0
781302016,0.0,1.0,1.0
415502007,0.0,1.0,0.0
828502005,0.0,1.0,0.0
180002007,0.0,1.0,0.0
1410702017,0.0,1.0,0.0
966102018,0.0,1.0,0.0
368802003,0.0,1.0,0.0
455202005,0.0,1.0,0.0
740002006,0.0,1.0,0.0
455202008,0.0,1.0,0.0
1664802020,0.0,1.0,0.0
682402011,0.0,1.0,0.0
607502005,0.0,1.0,0.0
1029402011,0.0,1.0,0.0
1226402017,0.0,1.0,0.0
432602012,0.0,1.0,0.0
890302013,0.0,1.0,0.0
521902019,0.0,1.0,2.0
642402016,0.0,1.0,0.0
904102018,0.0,1.0,0.0
673102019,0.0,1.0,0.0
2903802020,0.0,1.0,0.0
1386102016,0.0,1.0,0.0
1519102014,0.0,1.0,0.0
953002014,0.0,1.0,0.0
337902017,0.0,1.0,1.0
372002003,0.0,1.0,0.0
1519102012,0.0,1.0,0.0
463902006,0.0,1.0,0.0
913402013,0.0,1.0,0.0
656202019,0.0,1.0,0.0
325002018,0.0,1.0,0.0
1778302018,0.0,1.0,0.0
1226402019,0.0,1.0,0.0
1177302019,0.0,1.0,0.0
368102005,0.0,1.0,0.0
656602017,0.0,1.0,0.0
916902013,0.0,1.0,0.0
1082302013,0.0,1.0,0.0
614602009,0.0,1.0,0.0
781602019,0.0,1.0,0.0
537002012,0.0,1.0,1.0
2087102020,0.0,1.0,0.0
537002006,0.0,1.0,0.0
933802010,0.0,1.0,0.0
530302015,0.0,1.0,0.0
2269502020,0.0,1.0,0.0
2513702019,0.0,1.0,0.0
386202013,0.0,1.0,0.0
370302018,0.0,1.0,0.0
670802019,0.0,1.0,0.0
542502005,0.0,1.0,0.0
75302007,0.0,1.0,0.0
651302008,0.0,1.0,0.0
9000102010,0.0,1.0,0.0
1022102013,0.0,1.0,0.0
536102013,0.0,1.0,0.0
2201002018,0.0,1.0,0.0
365402012,0.0,1.0,0.0
2513702018,0.0,1.0,0.0
1271202012,0.0,1.0,0.0
507602009,0.0,1.0,0.0
469702018,0.0,1.0,1.0
382902012,0.0,1.0,0.0
357202004,0.0,1.0,0.0
597202006,0.0,1.0,0.0
670802008,0.0,1.0,0.0
280402011,0.0,1.0,0.0
2174802020,0.0,1.0,0.0
1141202012,0.0,1.0,0.0
1410002013,0.0,1.0,0.0
1778302020,0.0,1.0,0.0
1266002015,0.0,1.0,0.0
1010002016,0.0,1.0,0.0
2901202019,0.0,1.0,0.0
9501302016,0.0,1.0,0.0
920702012,0.0,1.0,0.0
69102004,0.0,1.0,0.0
437102005,0.0,1.0,0.0
392302006,0.0,1.0,0.0
798702007,0.0,1.0,0.0
374002009,0.0,1.0,0.0
811502011,0.0,1.0,0.0
501102013,0.0,1.0,0.0
897902016,0.0,1.0,0.0
501102017,0.0,1.0,0.0
849902018,0.0,1.0,0.0
365402005,0.0,1.0,0.0
2066502020,0.0,1.0,0.0
1198502020,0.0,1.0,0.0
904602010,0.0,1.0,0.0
789402004,0.0,1.0,1.0
469402005,0.0,1.0,0.0
370202007,0.0,1.0,1.0
655002009,0.0,1.0,2.0
491802012,0.0,1.0,0.0
575002010,0.0,1.0,0.0
1311002013,0.0,1.0,0.0
539802014,0.0,1.0,0.0
904602017,0.0,1.0,0.0
1967002019,0.0,1.0,0.0
856602020,0.0,1.0,1.0
1408602020,0.0,1.0,0.0
110402020,0.0,1.0,0.0
687602010,0.0,1.0,0.0
215702004,0.0,1.0,0.0
487702005,0.0,1.0,0.0
919702007,0.0,1.0,0.0
651702016,0.0,1.0,0.0
2177302016,0.0,1.0,0.0
766102017,0.0,1.0,0.0
1834902020,0.0,1.0,0.0
2229802019,0.0,1.0,0.0
495202013,0.0,1.0,0.0
335002019,0.0,1.0,0.0
2456202020,0.0,1.0,0.0
96202018,0.0,1.0,0.0
513602010,0.0,1.0,0.0
957002012,0.0,1.0,0.0
462402004,0.0,1.0,0.0
9000602011,0.0,1.0,0.0
888002008,0.0,1.0,0.0
888002012,0.0,1.0,1.0
69102018,0.0,1.0,0.0
449602013,0.0,1.0,0.0
491202016,0.0,1.0,0.0
2264002018,0.0,1.0,0.0
491202020,0.0,1.0,0.0
366302007,0.0,1.0,0.0
432002009,0.0,1.0,0.0
652702010,0.0,1.0,0.0
2087102017,0.0,1.0,0.0
415902004,0.0,1.0,0.0
681502005,0.0,1.0,0.0
371102006,0.0,1.0,0.0
419102007,0.0,1.0,0.0
966302009,0.0,1.0,0.0
419102011,0.0,1.0,0.0
691102012,0.0,1.0,0.0
496902006,0.0,1.0,0.0
460702018,0.0,1.0,0.0
1862302020,0.0,1.0,0.0
380702013,0.0,1.0,0.0
83402005,0.0,1.0,0.0
805302012,0.0,1.0,0.0
1065202013,0.0,1.0,0.0
360102013,0.0,1.0,0.0
137802011,0.0,1.0,0.0
329802003,0.0,1.0,0.0
441802004,0.0,1.0,0.0
614602011,0.0,1.0,0.0
656202014,0.0,1.0,0.0
1615802020,0.0,1.0,0.0
542102019,0.0,1.0,0.0
1155302020,0.0,1.0,0.0
354502004,0.0,1.0,0.0
546502007,0.0,1.0,1.0
655002016,0.0,1.0,0.0
101702010,0.0,1.0,0.0
786502011,0.0,1.0,0.0
1218502013,0.0,1.0,0.0
2630502020,0.0,1.0,0.0
396102015,0.0,1.0,0.0
1148102016,0.0,1.0,0.0
2376902020,0.0,1.0,0.0
590902020,0.0,1.0,0.0
1230102020,0.0,1.0,0.0
856602010,0.0,1.0,0.0
578802005,0.0,1.0,0.0
892402007,0.0,1.0,0.0
671602010,0.0,1.0,0.0
9001002020,0.0,1.0,2.0
365402018,0.0,1.0,0.0
1606002016,0.0,1.0,0.0
2146802017,0.0,1.0,0.0
2146802019,0.0,1.0,0.0
169202020,0.0,1.0,0.0
2696202020,0.0,1.0,2.0
1231002012,0.0,1.0,0.0
785902019,0.0,0.0,14.0
354802018,0.0,0.0,5.0
604102007,0.0,0.0,5.0
1826902020,0.0,0.0,5.0
998302014,0.0,0.0,5.0
2049902020,0.0,0.0,4.0
302702019,0.0,0.0,4.0
280402016,0.0,0.0,4.0
1964502017,0.0,0.0,4.0
2233102019,0.0,0.0,4.0
234302016,0.0,0.0,4.0
1097402016,0.0,0.0,4.0
837902013,0.0,0.0,4.0
648002018,0.0,0.0,4.0
661102017,0.0,0.0,3.0
166702020,0.0,0.0,3.0
463502009,0.0,0.0,3.0
463202008,0.0,0.0,3.0
136502004,0.0,0.0,3.0
538102013,0.0,0.0,3.0
1410702020,0.0,0.0,3.0
428702006,0.0,0.0,3.0
378302003,0.0,0.0,3.0
531102003,0.0,0.0,3.0
805302020,0.0,0.0,3.0
170002017,0.0,0.0,3.0
788602017,0.0,0.0,3.0
326802003,0.0,0.0,3.0
1964502016,0.0,0.0,3.0
2002302016,0.0,0.0,3.0
530702009,0.0,0.0,3.0
992202010,0.0,0.0,3.0
691402019,0.0,0.0,2.0
447802003,0.0,0.0,2.0
2088602019,0.0,0.0,2.0
182902016,0.0,0.0,2.0
294802019,0.0,0.0,2.0
294802020,0.0,0.0,2.0
788602019,0.0,0.0,2.0
526402008,0.0,0.0,2.0
1345802017,0.0,0.0,2.0
1751402019,0.0,0.0,2.0
361702017,0.0,0.0,2.0
609002020,0.0,0.0,2.0
669802008,0.0,0.0,2.0
2216102019,0.0,0.0,2.0
333102020,0.0,0.0,2.0
180002014,0.0,0.0,2.0
2263602018,0.0,0.0,2.0
190102003,0.0,0.0,2.0
576802019,0.0,0.0,2.0
766102020,0.0,0.0,2.0
1872202020,0.0,0.0,2.0
234302012,0.0,0.0,2.0
335502009,0.0,0.0,2.0
436102006,0.0,0.0,2.0
663402006,0.0,0.0,2.0
582202020,0.0,0.0,2.0
1218902020,0.0,0.0,2.0
336302005,0.0,0.0,2.0
421102009,0.0,0.0,2.0
385402007,0.0,0.0,2.0
2228102020,0.0,0.0,2.0
543002009,0.0,0.0,2.0
415002004,0.0,0.0,2.0
672902016,0.0,0.0,2.0
661102015,0.0,0.0,2.0
370602004,0.0,0.0,2.0
97302020,0.0,0.0,2.0
1964902018,0.0,0.0,2.0
383202006,0.0,0.0,2.0
524002007,0.0,0.0,2.0
545302003,0.0,0.0,2.0
2906702019,0.0,0.0,2.0
443702004,0.0,0.0,2.0
604102008,0.0,0.0,2.0
1764402020,0.0,0.0,2.0
1773502020,0.0,0.0,2.0
1924102018,0.0,0.0,2.0
447702007,0.0,0.0,2.0
90102009,0.0,0.0,2.0
396702019,0.0,0.0,2.0
503202020,0.0,0.0,2.0
2263502020,0.0,0.0,2.0
1824002018,0.0,0.0,2.0
392302004,0.0,0.0,2.0
9001802018,0.0,0.0,2.0
645202014,0.0,0.0,2.0
459702017,0.0,0.0,2.0
1065202019,0.0,0.0,2.0
2036902020,0.0,0.0,2.0
192602004,0.0,0.0,2.0
667902018,0.0,0.0,2.0
655602020,0.0,0.0,2.0
429402009,0.0,0.0,2.0
222202009,0.0,0.0,2.0
1154802018,0.0,0.0,2.0
1218002020,0.0,0.0,2.0
410202010,0.0,0.0,2.0
396702013,0.0,0.0,2.0
435902019,0.0,0.0,2.0
176802017,0.0,0.0,2.0
142002020,0.0,0.0,2.0
659102005,0.0,0.0,2.0
357802003,0.0,0.0,2.0
2240602018,0.0,0.0,2.0
737802009,0.0,0.0,2.0
1583102020,0.0,0.0,2.0
977802020,0.0,0.0,2.0
536602017,0.0,0.0,2.0
337202005,0.0,0.0,2.0
1154402018,0.0,0.0,2.0
1606002020,0.0,0.0,1.0
333402011,0.0,0.0,1.0
1151602012,0.0,0.0,1.0
319602007,0.0,0.0,1.0
166002019,0.0,0.0,1.0
687902019,0.0,0.0,1.0
410202013,0.0,0.0,1.0
328602020,0.0,0.0,1.0
234102003,0.0,0.0,1.0
370202003,0.0,0.0,1.0
368902013,0.0,0.0,1.0
484102007,0.0,0.0,1.0
1599102016,0.0,0.0,1.0
357202016,0.0,0.0,1.0
664302006,0.0,0.0,1.0
216502017,0.0,0.0,1.0
334302015,0.0,0.0,1.0
560902019,0.0,0.0,1.0
584202020,0.0,0.0,1.0
450502006,0.0,0.0,1.0
681502017,0.0,0.0,1.0
450502008,0.0,0.0,1.0
1118202020,0.0,0.0,1.0
1711202020,0.0,0.0,1.0
182902020,0.0,0.0,1.0
2150902020,0.0,0.0,1.0
377602015,0.0,0.0,1.0
205602008,0.0,0.0,1.0
602402018,0.0,0.0,1.0
305202003,0.0,0.0,1.0
1954402020,0.0,0.0,1.0
182902003,0.0,0.0,1.0
438902004,0.0,0.0,1.0
182902005,0.0,0.0,1.0
9000902015,0.0,0.0,1.0
467202005,0.0,0.0,1.0
586102013,0.0,0.0,1.0
358302010,0.0,0.0,1.0
610502008,0.0,0.0,1.0
992202012,0.0,0.0,1.0
605902003,0.0,0.0,1.0
605902020,0.0,0.0,1.0
676302013,0.0,0.0,1.0
676302015,0.0,0.0,1.0
416302006,0.0,0.0,1.0
522102010,0.0,0.0,1.0
326402004,0.0,0.0,1.0
799402009,0.0,0.0,1.0
659402014,0.0,0.0,1.0
441802017,0.0,0.0,1.0
195502006,0.0,0.0,1.0
1971402019,0.0,0.0,1.0
496302005,0.0,0.0,1.0
1141902020,0.0,0.0,1.0
651502015,0.0,0.0,1.0
393502008,0.0,0.0,1.0
419102009,0.0,0.0,1.0
681502012,0.0,0.0,1.0
627302006,0.0,0.0,1.0
736402018,0.0,0.0,1.0
521902020,0.0,0.0,1.0
834702019,0.0,0.0,1.0
656202017,0.0,0.0,1.0
262602003,0.0,0.0,1.0
521902018,0.0,0.0,1.0
262602009,0.0,0.0,1.0
440602008,0.0,0.0,1.0
539502012,0.0,0.0,1.0
325402010,0.0,0.0,1.0
253202016,0.0,0.0,1.0
419602010,0.0,0.0,1.0
490002012,0.0,0.0,1.0
18102004,0.0,0.0,1.0
419602014,0.0,0.0,1.0
352902019,0.0,0.0,1.0
602302009,0.0,0.0,1.0
654202019,0.0,0.0,1.0
340102012,0.0,0.0,1.0
473702004,0.0,0.0,1.0
568502007,0.0,0.0,1.0
536602019,0.0,0.0,1.0
907102007,0.0,0.0,1.0
741302015,0.0,0.0,1.0
805302013,0.0,0.0,1.0
539802008,0.0,0.0,1.0
1082302018,0.0,0.0,1.0
533502009,0.0,0.0,1.0
385402013,0.0,0.0,1.0
253202017,0.0,0.0,1.0
259702003,0.0,0.0,1.0
473702006,0.0,0.0,1.0
259802018,0.0,0.0,1.0
919702020,0.0,0.0,1.0
730702020,0.0,0.0,1.0
1559602018,0.0,0.0,1.0
345102004,0.0,0.0,1.0
473102016,0.0,0.0,1.0
415002005,0.0,0.0,1.0
679002008,0.0,0.0,1.0
88002018,0.0,0.0,1.0
666702003,0.0,0.0,1.0
1145702020,0.0,0.0,1.0
519802017,0.0,0.0,1.0
1154402020,0.0,0.0,1.0
1122402019,0.0,0.0,1.0
1060802018,0.0,0.0,1.0
399802005,0.0,0.0,1.0
399802010,0.0,0.0,1.0
860602011,0.0,0.0,1.0
357602006,0.0,0.0,1.0
651502010,0.0,0.0,1.0
1060802011,0.0,0.0,1.0
389802003,0.0,0.0,1.0
541502003,0.0,0.0,1.0
459202003,0.0,0.0,1.0
1946102017,0.0,0.0,1.0
2241102017,0.0,0.0,1.0
414402010,0.0,0.0,1.0
951902015,0.0,0.0,1.0
331102013,0.0,0.0,1.0
791902012,0.0,0.0,1.0
661102016,0.0,0.0,1.0
487602003,0.0,0.0,1.0
458902020,0.0,0.0,1.0
494702006,0.0,0.0,1.0
536102007,0.0,0.0,1.0
398402019,0.0,0.0,1.0
539502013,0.0,0.0,1.0
535902008,0.0,0.0,1.0
373402016,0.0,0.0,1.0
375402003,0.0,0.0,1.0
182902019,0.0,0.0,1.0
375402009,0.0,0.0,1.0
695402016,0.0,0.0,1.0
362602017,0.0,0.0,1.0
669802018,0.0,0.0,1.0
703002020,0.0,0.0,1.0
436802003,0.0,0.0,1.0
328202010,0.0,0.0,1.0
423702018,0.0,0.0,1.0
538902005,0.0,0.0,1.0
385302006,0.0,0.0,1.0
1307402018,0.0,0.0,1.0
366102009,0.0,0.0,1.0
583702010,0.0,0.0,1.0
97302012,0.0,0.0,1.0
872202017,0.0,0.0,1.0
520202014,0.0,0.0,1.0
648202013,0.0,0.0,1.0
97302013,0.0,0.0,1.0
669802009,0.0,0.0,1.0
97302017,0.0,0.0,1.0
283002015,0.0,0.0,1.0
367102017,0.0,0.0,1.0
654202012,0.0,0.0,1.0
101702012,0.0,0.0,1.0
106702013,0.0,0.0,1.0
386202006,0.0,0.0,1.0
802202007,0.0,0.0,1.0
431002008,0.0,0.0,1.0
328602019,0.0,0.0,1.0
305202017,0.0,0.0,1.0
485102006,0.0,0.0,1.0
415902017,0.0,0.0,1.0
2083502017,0.0,0.0,1.0
248002020,0.0,0.0,1.0
1010002017,0.0,0.0,1.0
390302008,0.0,0.0,1.0
460702017,0.0,0.0,1.0
403502019,0.0,0.0,1.0
367602003,0.0,0.0,1.0
1154802020,0.0,0.0,1.0
328602018,0.0,0.0,1.0
655602014,0.0,0.0,1.0
1014002019,0.0,0.0,1.0
2240602020,0.0,0.0,1.0
259802019,0.0,0.0,1.0
318602018,0.0,0.0,1.0
1022102018,0.0,0.0,1.0
727702020,0.0,0.0,1.0
1014002020,0.0,0.0,1.0
699202018,0.0,0.0,1.0
410602003,0.0,0.0,1.0
346602007,0.0,0.0,1.0
2066402017,0.0,0.0,1.0
586302011,0.0,0.0,1.0
157502017,0.0,0.0,1.0
1923902018,0.0,0.0,1.0
542102016,0.0,0.0,1.0
82902007,0.0,0.0,1.0
384602008,0.0,0.0,1.0
82902008,0.0,0.0,1.0
1307402017,0.0,0.0,1.0
270402003,0.0,0.0,1.0
392302020,0.0,0.0,1.0
398402008,0.0,0.0,1.0
1230402012,0.0,0.0,1.0
654402013,0.0,0.0,1.0
1082302019,0.0,0.0,1.0
478202020,0.0,0.0,1.0
562002004,0.0,0.0,1.0
363602009,0.0,0.0,1.0
395602015,0.0,0.0,1.0
659502010,0.0,0.0,1.0
280402020,0.0,0.0,1.0
500902008,0.0,0.0,1.0
385302014,0.0,0.0,1.0
718502018,0.0,0.0,1.0
1390502019,0.0,0.0,1.0
478202015,0.0,0.0,1.0
498002003,0.0,0.0,1.0
957002020,0.0,0.0,1.0
474402017,0.0,0.0,1.0
325802006,0.0,0.0,1.0
428202010,0.0,0.0,1.0
377002011,0.0,0.0,1.0
517802015,0.0,0.0,1.0
543402016,0.0,0.0,1.0
676302019,0.0,0.0,1.0
419102012,0.0,0.0,1.0
373502007,0.0,0.0,1.0
9000702015,0.0,0.0,1.0
188902003,0.0,0.0,1.0
527102020,0.0,0.0,1.0
141902011,0.0,0.0,1.0
523002017,0.0,0.0,1.0
523002019,0.0,0.0,1.0
523002020,0.0,0.0,1.0
170102003,0.0,0.0,1.0
90102008,0.0,0.0,1.0
358902012,0.0,0.0,1.0
781302017,0.0,0.0,1.0
2586102018,0.0,0.0,1.0
1122402016,0.0,0.0,1.0
836602015,0.0,0.0,1.0
246602003,0.0,0.0,1.0
246602004,0.0,0.0,1.0
645202019,0.0,0.0,1.0
358902014,0.0,0.0,1.0
1842302016,0.0,0.0,1.0
45902010,0.0,0.0,1.0
334302014,0.0,0.0,1.0
828502019,0.0,0.0,1.0
26702003,0.0,0.0,1.0
141902012,0.0,0.0,1.0
2014902017,0.0,0.0,1.0
996602018,0.0,0.0,1.0
528802003,0.0,0.0,1.0
560802006,0.0,0.0,1.0
356002015,0.0,0.0,1.0
182902004,0.0,0.0,1.0
859902008,0.0,0.0,1.0
366002003,0.0,0.0,1.0
671602007,0.0,0.0,1.0
948602013,0.0,0.0,1.0
1218902019,0.0,0.0,1.0
313102020,0.0,0.0,1.0
336002020,0.0,0.0,1.0
333302008,0.0,0.0,1.0
518102007,0.0,0.0,1.0
398502003,0.0,0.0,1.0
659502013,0.0,0.0,1.0
416302007,0.0,0.0,1.0
672902005,0.0,0.0,1.0
237702007,0.0,0.0,1.0
237702011,0.0,0.0,1.0
436102012,0.0,0.0,1.0
672902019,0.0,0.0,1.0
1317602016,0.0,0.0,1.0
663002007,0.0,0.0,1.0
605402013,0.0,0.0,1.0
484102019,0.0,0.0,1.0
403502003,0.0,0.0,1.0
1410202020,0.0,0.0,1.0
799702020,0.0,0.0,1.0
542202019,0.0,0.0,1.0
2201802019,0.0,0.0,1.0
671702007,0.0,0.0,1.0
651702008,0.0,0.0,1.0
841802007,0.0,0.0,1.0
331102020,0.0,0.0,1.0
888102007,0.0,0.0,1.0
536102008,0.0,0.0,1.0
248102015,0.0,0.0,1.0
331102012,0.0,0.0,1.0
381002003,0.0,0.0,1.0
283002006,0.0,0.0,1.0
385402009,0.0,0.0,1.0
440702008,0.0,0.0,1.0
1964502020,0.0,0.0,1.0
373802010,0.0,0.0,1.0
482602013,0.0,0.0,1.0
328602016,0.0,0.0,1.0
741502011,0.0,0.0,1.0
543702003,0.0,0.0,1.0
1176702014,0.0,0.0,1.0
628602011,0.0,0.0,1.0
2143102019,0.0,0.0,1.0
2143102020,0.0,0.0,1.0
383402020,0.0,0.0,1.0
507602003,0.0,0.0,1.0
501202004,0.0,0.0,1.0
507602007,0.0,0.0,1.0
413102009,0.0,0.0,1.0
463502003,0.0,0.0,1.0
393102005,0.0,0.0,1.0
546702009,0.0,0.0,1.0
841102011,0.0,0.0,1.0
9001102015,0.0,0.0,1.0
488702016,0.0,0.0,1.0
1245002018,0.0,0.0,1.0
462102005,0.0,0.0,1.0
530402003,0.0,0.0,1.0
760802010,0.0,0.0,1.0
524002011,0.0,0.0,1.0
280802012,0.0,0.0,1.0
1228002015,0.0,0.0,1.0
607202017,0.0,0.0,1.0
383202003,0.0,0.0,1.0
397402008,0.0,0.0,1.0
454702007,0.0,0.0,1.0
515002018,0.0,0.0,1.0
1011602015,0.0,0.0,1.0
1218002018,0.0,0.0,1.0
656102006,0.0,0.0,1.0
425702008,0.0,0.0,1.0
392302017,0.0,0.0,1.0
361702018,0.0,0.0,1.0
1155302019,0.0,0.0,1.0
543002008,0.0,0.0,1.0
262202003,0.0,0.0,1.0
505402007,0.0,0.0,1.0
280902011,0.0,0.0,1.0
953402014,0.0,0.0,1.0
911202018,0.0,0.0,1.0
788602015,0.0,0.0,1.0
695402019,0.0,0.0,1.0
238902003,0.0,0.0,1.0
186202016,0.0,0.0,1.0
1011602014,0.0,0.0,1.0
907402019,0.0,0.0,1.0
369202003,0.0,0.0,1.0
804402006,0.0,0.0,1.0
318002007,0.0,0.0,1.0
458802010,0.0,0.0,1.0
441802019,0.0,0.0,1.0
862002016,0.0,0.0,1.0
359102003,0.0,0.0,1.0
1271602020,0.0,0.0,1.0
361702020,0.0,0.0,1.0
1019702013,0.0,0.0,1.0
1224502017,0.0,0.0,1.0
2046202018,0.0,0.0,1.0
388802016,0.0,0.0,1.0
294802003,0.0,0.0,1.0
907402020,0.0,0.0,1.0
192602009,0.0,0.0,1.0
327902003,0.0,0.0,1.0
392302019,0.0,0.0,1.0
336002019,0.0,0.0,1.0
